age_at_enrollment,application_order,curricular_units_1st_sem_enrolled,daytime_evening_attendance,debtor,displaced,gender,marital_status,scholarship_holder,tuition_fees_up_to_date,first_name,last_name,student_number
18,1,6,1,0,1,0,1,0,1,Alice,Smith,dcac096b
18,1,7,1,0,1,0,1,0,1,Bob,Jones,52eac996
20,4,7,1,0,1,0,1,0,1,Charlie,Taylor,95e85d02
18,1,6,1,1,1,0,1,1,1,Dana,Brown,d4226865
18,1,5,1,0,1,0,1,0,1,Eli,Patel,ee7d9ad7
19,2,7,1,0,1,1,1,0,1,Alice,Smith,1caeacdc
21,1,6,1,0,0,1,1,0,1,Bob,Jones,8b6cd17c
18,1,5,1,0,0,1,1,0,0,Charlie,Taylor,687b9e33
24,1,5,0,0,0,0,1,0,1,Dana,Brown,3c113e8d
19,1,8,1,0,1,0,1,1,1,Eli,Patel,b8b0caa1
20,1,6,1,0,1,0,1,1,1,Alice,Smith,06b4e335
18,3,0,1,0,1,0,1,0,1,Bob,Jones,e9e7edf3
19,3,0,1,0,1,1,1,1,1,Charlie,Taylor,cc620e67
19,1,6,1,0,1,1,1,0,1,Dana,Brown,a1278c29
24,1,6,1,0,0,1,1,0,1,Eli,Patel,276f57c9
26,1,6,1,0,0,1,1,0,1,Alice,Smith,3ec0e164
18,1,5,1,0,0,1,1,0,1,Bob,Jones,5f4a7cf5
18,1,5,1,0,0,1,1,0,1,Charlie,Taylor,b72b0053
23,6,5,1,0,1,1,1,0,1,Dana,Brown,0f678928
18,2,5,1,1,1,1,1,0,1,Eli,Patel,79aaadb3
19,1,5,1,0,1,1,1,0,1,Alice,Smith,cb7b3dd4
19,1,5,1,0,1,0,1,0,1,Bob,Jones,00462916
20,2,7,1,0,1,0,1,0,1,Charlie,Taylor,6b69e46c
18,2,5,1,0,1,0,1,1,1,Dana,Brown,65a32107
20,1,7,1,0,0,0,1,0,1,Eli,Patel,3a8ecd23
20,1,6,1,0,1,0,1,1,1,Alice,Smith,03919956
20,1,5,1,0,0,0,1,0,1,Bob,Jones,e13c30ca
18,1,6,1,0,1,0,1,1,1,Charlie,Taylor,ee49d69e
20,2,7,1,0,0,0,1,1,1,Dana,Brown,da40b0de
22,1,5,1,1,1,0,1,0,0,Eli,Patel,11481857
18,1,0,1,0,1,0,1,0,1,Alice,Smith,56cdc625
18,1,6,1,0,1,0,1,0,1,Bob,Jones,663be297
47,1,1,1,1,0,0,3,0,1,Charlie,Taylor,d01607a6
28,1,5,1,0,1,0,1,0,1,Dana,Brown,70187c3b
18,1,5,1,0,1,0,1,1,1,Eli,Patel,9ab5eceb
26,1,6,0,0,0,0,1,1,1,Alice,Smith,f8f63b1e
21,1,10,1,1,0,0,1,0,0,Bob,Jones,ca18a85f
23,1,6,0,0,0,0,1,0,1,Charlie,Taylor,e6b68350
35,1,3,1,0,0,0,1,0,1,Dana,Brown,09f3f3ee
25,1,7,1,0,0,0,1,0,1,Eli,Patel,a86d38b6
19,3,7,1,0,1,0,1,0,1,Alice,Smith,ec6081d4
24,1,17,1,0,1,0,1,0,1,Bob,Jones,e29134f9
19,3,6,1,0,1,0,1,0,1,Charlie,Taylor,42518146
18,1,6,1,0,1,0,1,0,1,Dana,Brown,33648eac
18,3,6,1,0,0,0,1,0,1,Eli,Patel,688122bb
18,1,7,1,0,0,0,1,1,1,Alice,Smith,5eed8cc4
18,1,6,1,0,0,0,1,0,1,Bob,Jones,a7b890ba
24,1,6,1,0,0,0,1,0,1,Charlie,Taylor,8859c273
19,1,6,1,0,1,0,1,0,1,Dana,Brown,205b35bb
20,1,7,1,0,0,0,1,0,1,Eli,Patel,ce24e6d3
19,3,5,1,0,1,0,1,0,1,Alice,Smith,2878a7c2
18,1,6,1,0,1,0,1,0,1,Bob,Jones,4a7ce400
18,1,5,1,0,1,0,1,0,1,Charlie,Taylor,19bc6230
18,1,7,1,0,1,0,1,0,1,Dana,Brown,55005185
19,1,5,1,0,1,0,1,0,1,Eli,Patel,c614767d
26,1,5,1,0,1,0,1,0,1,Alice,Smith,c724bc8c
36,1,16,1,0,0,0,1,0,1,Bob,Jones,f0e35b29
20,2,6,0,0,0,0,1,0,1,Charlie,Taylor,aa7123af
30,1,6,1,1,0,0,1,1,1,Dana,Brown,3c9493c1
20,4,5,1,0,1,0,1,0,1,Eli,Patel,12a2f240
19,4,7,1,0,1,0,1,0,1,Alice,Smith,2c0f257b
19,1,5,1,0,0,0,1,0,1,Bob,Jones,aeeb57b7
31,1,5,0,0,0,0,4,1,1,Charlie,Taylor,1a9272a5
42,1,11,0,1,0,0,2,0,1,Dana,Brown,a734175e
18,1,7,1,0,1,0,1,1,0,Eli,Patel,3cd0e27a
21,1,6,1,0,1,0,1,0,1,Alice,Smith,d18e3757
20,1,7,1,0,0,0,1,0,1,Bob,Jones,d03e5205
19,1,6,1,0,0,0,1,0,1,Charlie,Taylor,89f678ef
22,1,6,1,0,1,0,1,0,1,Dana,Brown,39da20e0
21,1,6,1,0,1,0,1,0,1,Eli,Patel,908667bb
26,1,7,1,0,0,0,1,0,1,Alice,Smith,d665d57e
18,4,6,1,0,0,0,1,1,1,Bob,Jones,d403afff
20,1,6,1,0,1,0,1,0,1,Charlie,Taylor,8583e9a0
19,1,6,1,0,1,0,1,0,1,Dana,Brown,e6c3addb
19,1,6,1,0,0,0,1,0,1,Eli,Patel,e5c38cca
20,1,5,1,0,1,0,1,0,1,Alice,Smith,56261b64
20,1,6,1,0,0,0,1,1,1,Bob,Jones,92471663
18,1,2,1,0,0,0,1,0,1,Charlie,Taylor,bea0ecc8
18,1,5,1,1,1,0,1,0,1,Dana,Brown,35c2f2c8
20,3,6,1,0,1,0,1,1,1,Eli,Patel,ebeeff49
19,3,5,1,0,1,0,1,0,1,Alice,Smith,cb22cad1
20,1,6,1,0,0,0,1,0,1,Bob,Jones,a0b6f6aa
20,1,6,1,0,1,0,1,0,1,Charlie,Taylor,34e2daa0
21,1,6,1,0,1,0,1,1,1,Dana,Brown,dc6af733
20,1,6,1,0,0,0,1,0,1,Eli,Patel,4d335d73
22,1,6,1,1,1,0,1,0,1,Alice,Smith,87f14c59
18,1,7,1,0,1,0,1,0,1,Bob,Jones,fca8c976
20,3,5,1,0,1,0,1,0,1,Charlie,Taylor,4b220d66
18,1,6,1,0,0,0,1,0,0,Dana,Brown,d188b674
27,1,7,1,0,0,0,1,0,1,Eli,Patel,f3be5c3c
26,1,7,1,0,0,0,1,0,1,Alice,Smith,d7203b93
18,2,6,1,0,1,0,1,0,1,Bob,Jones,3fefdf53
24,1,5,1,0,1,1,1,0,1,Charlie,Taylor,d2e60fc3
19,1,5,1,0,0,1,1,1,1,Dana,Brown,afd08d51
20,1,5,1,0,0,1,1,0,1,Eli,Patel,0fb81644
18,2,5,1,0,1,1,1,1,1,Alice,Smith,b721651b
20,2,5,1,0,0,1,1,0,1,Bob,Jones,4b3a429c
25,1,5,1,0,0,1,1,0,1,Charlie,Taylor,a8483076
22,1,6,1,1,0,1,1,0,1,Dana,Brown,6867f43e
18,1,8,1,0,0,1,1,0,1,Eli,Patel,174a62ba
20,1,5,1,0,1,1,1,0,1,Alice,Smith,ffe73773
23,1,6,1,1,1,1,1,0,1,Bob,Jones,bb8b2824
20,1,5,1,0,1,1,1,0,1,Charlie,Taylor,2cab7441
20,6,5,1,0,0,1,1,0,1,Dana,Brown,a218581b
28,2,5,0,0,1,0,1,1,1,Eli,Patel,3e4ea8ad
19,1,6,1,0,1,0,1,0,1,Alice,Smith,093ec160
19,1,7,1,0,0,0,1,0,1,Bob,Jones,31934ccd
20,1,6,1,0,1,0,1,0,1,Charlie,Taylor,43ceb35b
20,1,6,1,1,0,0,1,0,1,Dana,Brown,b387718f
18,3,7,1,0,1,0,1,1,1,Eli,Patel,fe801dbd
20,3,5,1,0,0,0,1,0,1,Alice,Smith,8d2daa47
19,1,6,1,0,1,0,1,0,1,Bob,Jones,6eaf1463
19,2,6,1,0,1,0,1,0,1,Charlie,Taylor,ed9fbff8
27,1,5,0,0,0,0,1,0,1,Dana,Brown,e2483bbb
18,6,5,1,0,0,0,1,0,1,Eli,Patel,da500d11
18,1,5,1,0,1,0,1,0,1,Alice,Smith,9b8a927a
18,3,8,1,0,1,0,1,0,1,Bob,Jones,0a14cc0f
19,1,5,1,0,1,0,1,1,1,Charlie,Taylor,02fb6b20
21,1,6,1,0,0,0,1,0,1,Dana,Brown,ea602daa
23,1,12,1,0,1,0,1,0,0,Eli,Patel,8f9e2a98
19,4,6,1,1,1,0,1,1,1,Alice,Smith,b20c7ba8
18,1,6,1,1,0,0,1,0,1,Bob,Jones,5270499e
19,1,7,1,0,1,0,1,0,1,Charlie,Taylor,b1018046
18,1,6,1,0,1,0,1,0,1,Dana,Brown,3dde9928
21,1,6,1,0,0,1,1,0,1,Eli,Patel,3ac42420
20,1,6,1,0,0,1,1,0,1,Alice,Smith,70416f9d
20,1,6,1,0,0,1,1,0,0,Bob,Jones,bae7ea93
37,1,5,0,0,0,1,2,0,1,Charlie,Taylor,e185692d
18,1,6,1,0,1,1,1,0,1,Dana,Brown,a2b0e268
23,1,6,1,0,0,1,1,0,1,Eli,Patel,ebd62c34
18,1,6,1,0,1,1,1,0,1,Alice,Smith,2e1e6a93
32,1,11,1,0,0,1,1,0,1,Bob,Jones,bacf1c85
19,1,12,1,1,1,1,1,0,1,Charlie,Taylor,ea4c0d3c
20,1,0,1,0,1,1,1,0,1,Dana,Brown,ee627ba5
40,1,5,1,1,0,1,1,0,1,Eli,Patel,cc610e3d
20,4,5,1,0,0,1,1,0,1,Alice,Smith,9a64731e
20,1,5,1,0,1,0,1,0,1,Bob,Jones,ca8e52da
19,3,7,1,0,1,0,1,0,1,Charlie,Taylor,1dac6ea7
19,1,6,1,0,1,0,1,0,1,Dana,Brown,36f407ff
20,1,7,1,0,0,0,1,0,1,Eli,Patel,c8d55636
18,3,8,1,0,1,0,1,0,1,Alice,Smith,322e9e3e
18,1,6,1,0,1,0,1,0,1,Bob,Jones,b311652e
22,1,6,1,0,1,0,1,1,0,Charlie,Taylor,a77cb2d3
20,2,5,1,1,1,0,1,0,1,Dana,Brown,a6015f4a
23,1,6,1,1,0,0,1,0,0,Eli,Patel,1a233344
20,5,6,1,0,1,0,1,0,1,Alice,Smith,6cd01961
21,1,5,1,0,0,0,1,0,1,Bob,Jones,50575289
20,1,6,1,0,0,0,1,0,1,Charlie,Taylor,a5220c73
20,2,7,1,0,1,0,1,1,0,Dana,Brown,a01bc5e4
20,1,7,1,0,1,0,1,0,1,Eli,Patel,128164f0
21,1,5,1,1,0,0,1,0,1,Alice,Smith,0584bf1c
18,3,5,1,0,1,1,1,0,1,Bob,Jones,83cf6b09
23,1,7,1,0,1,1,1,0,1,Charlie,Taylor,6e4c43d1
22,1,5,1,0,0,1,1,0,0,Dana,Brown,03e9b2e9
18,1,5,1,0,1,0,1,0,1,Eli,Patel,a742e204
22,2,6,1,0,1,0,1,0,1,Alice,Smith,aed3304a
18,4,5,1,1,1,1,1,0,0,Bob,Jones,ab44682b
21,1,7,1,0,0,1,1,1,1,Charlie,Taylor,b836d078
21,1,6,1,0,1,0,1,0,1,Dana,Brown,9c1fada7
20,5,6,1,0,1,0,1,0,1,Eli,Patel,844bc579
37,1,5,0,0,0,0,4,0,1,Alice,Smith,f688addf
37,1,8,0,1,0,0,2,0,1,Bob,Jones,b739d282
28,1,6,1,1,1,0,1,0,1,Charlie,Taylor,0c41ff96
18,5,5,1,0,1,0,1,0,1,Dana,Brown,51cc6ac3
34,1,8,1,0,1,0,1,0,1,Eli,Patel,0a911c42
31,1,6,0,0,0,0,1,0,1,Alice,Smith,2f745170
18,1,6,1,0,1,0,1,0,1,Bob,Jones,99491192
31,1,6,1,0,1,0,2,0,1,Charlie,Taylor,19549fc7
18,2,5,1,0,0,1,1,0,1,Dana,Brown,2934d7b0
24,1,5,1,0,0,1,1,0,1,Eli,Patel,87aad9a6
18,3,5,1,1,1,1,1,0,0,Alice,Smith,e65a622a
41,1,5,0,0,0,1,2,1,1,Bob,Jones,c2a736c0
34,1,5,0,0,0,1,2,0,1,Charlie,Taylor,f2d560e1
20,3,7,1,0,1,0,1,1,1,Dana,Brown,a8c388e2
22,1,6,1,0,1,0,1,0,1,Eli,Patel,404c0bb6
18,1,6,1,0,0,0,1,1,1,Alice,Smith,543523d9
18,3,6,1,0,0,0,1,1,1,Bob,Jones,2c6427a7
18,1,6,1,0,0,0,1,0,1,Charlie,Taylor,d2c132c2
18,1,6,1,1,1,0,1,0,1,Dana,Brown,aeb6d71a
19,1,6,1,0,0,0,1,0,1,Eli,Patel,80ebc614
21,1,6,1,0,1,0,1,0,1,Alice,Smith,d8d67c35
18,2,7,1,0,1,0,1,0,1,Bob,Jones,769a2701
18,1,0,1,0,0,0,1,0,1,Charlie,Taylor,dd15764a
18,2,6,1,0,1,0,1,0,1,Dana,Brown,d32b9b5f
21,1,10,1,0,0,0,1,0,1,Eli,Patel,8d4d9110
20,2,7,1,0,1,0,1,1,1,Alice,Smith,0197cd0f
25,1,5,0,0,0,0,1,0,1,Bob,Jones,b32164b8
25,2,7,1,0,1,0,1,0,1,Charlie,Taylor,20b8fe7f
24,1,6,1,0,1,0,1,0,1,Dana,Brown,6dc472c1
19,1,5,1,0,1,0,1,0,1,Eli,Patel,f3db1376
19,6,5,1,0,0,0,1,1,1,Alice,Smith,77e83429
20,2,5,1,0,1,0,1,1,1,Bob,Jones,93b90619
18,1,0,1,0,1,0,1,0,1,Charlie,Taylor,aba7c87a
18,2,7,1,0,0,0,1,0,1,Dana,Brown,ef64d2c1
19,3,5,1,0,1,0,1,0,1,Eli,Patel,fa301558
19,1,7,1,0,1,0,1,0,1,Alice,Smith,2b9300c3
19,1,5,1,0,1,0,1,0,1,Bob,Jones,43484e22
32,1,7,1,0,1,0,4,0,1,Charlie,Taylor,3c1629bf
24,1,5,0,0,0,1,1,0,1,Dana,Brown,f0c6d3a5
19,2,7,1,0,1,0,1,0,1,Eli,Patel,63166398
45,1,11,1,0,1,0,2,0,1,Alice,Smith,17d65fdc
18,1,7,1,0,1,0,1,0,1,Bob,Jones,01693681
37,1,6,1,1,0,0,2,0,1,Charlie,Taylor,d567a784
20,1,6,1,0,0,0,1,1,1,Dana,Brown,92fd15c3
18,4,7,1,0,1,0,1,1,1,Eli,Patel,8e8156f0
21,1,9,1,1,1,0,1,0,1,Alice,Smith,82f54a83
25,1,5,1,0,0,1,1,0,1,Bob,Jones,0f10add0
21,1,6,1,1,1,0,1,0,1,Charlie,Taylor,6a868632
19,1,5,1,0,1,0,1,0,1,Dana,Brown,4deacca4
23,1,11,0,1,0,0,1,0,1,Eli,Patel,19a78e32
18,1,6,1,0,0,0,1,0,1,Alice,Smith,cb91ab0b
24,1,6,0,0,0,1,1,1,1,Bob,Jones,77ddda66
20,2,6,1,0,1,1,1,1,1,Charlie,Taylor,cc2900bd
18,2,5,1,0,0,1,1,1,1,Dana,Brown,ca5aa770
26,1,6,1,0,1,1,1,0,1,Eli,Patel,8ea86596
18,1,6,1,0,1,0,1,0,1,Alice,Smith,f2124e01
19,2,5,1,0,1,0,1,0,1,Bob,Jones,f91d4f3a
20,2,7,1,0,1,0,1,0,1,Charlie,Taylor,ae4704e9
18,3,5,1,0,1,0,1,0,1,Dana,Brown,4abcc63e
21,1,6,1,0,1,0,1,0,1,Eli,Patel,c801cc14
18,1,6,1,0,0,0,1,0,1,Alice,Smith,5d9b8ede
20,1,6,1,0,1,0,1,0,1,Bob,Jones,654ee122
19,2,6,1,0,1,0,1,0,1,Charlie,Taylor,4a73b143
27,1,7,1,0,0,0,1,1,1,Dana,Brown,87e36237
19,1,5,1,1,1,0,1,1,0,Eli,Patel,0eb8ab31
19,3,7,1,0,1,0,1,1,1,Alice,Smith,25f9e660
23,1,11,1,1,1,0,1,0,0,Bob,Jones,618e8ef4
20,1,6,1,0,0,0,1,1,1,Charlie,Taylor,c26a88cd
20,1,6,1,0,0,0,1,0,1,Dana,Brown,25c64919
18,1,5,1,0,1,1,1,0,1,Eli,Patel,c4881530
21,2,5,1,0,1,1,1,0,1,Alice,Smith,8b80fbdd
20,1,6,1,0,1,0,1,0,1,Bob,Jones,d266498b
18,2,0,1,0,1,0,1,0,1,Charlie,Taylor,c53eaa6e
19,2,6,1,0,1,0,1,0,1,Dana,Brown,e6bed278
19,2,6,1,0,1,0,1,1,1,Eli,Patel,93f66d01
19,3,5,1,0,1,0,1,1,1,Alice,Smith,417869f5
18,2,5,1,0,1,0,1,0,1,Bob,Jones,3fd95c08
19,1,6,1,0,1,0,1,0,1,Charlie,Taylor,cab65042
21,1,6,1,0,1,0,3,1,1,Dana,Brown,803a8217
18,3,6,1,0,1,0,1,1,1,Eli,Patel,ecad4a6e
18,2,7,1,0,1,0,1,1,1,Alice,Smith,c0847a30
19,1,6,1,1,0,0,1,0,1,Bob,Jones,2da65a59
20,1,5,1,0,0,1,1,0,1,Charlie,Taylor,c490b6f3
20,1,5,1,0,0,1,1,0,1,Dana,Brown,8d7c7745
18,6,7,1,0,1,1,1,0,1,Eli,Patel,2014f0fc
19,1,6,1,0,1,1,1,0,1,Alice,Smith,9e13be3a
19,3,5,1,0,1,1,1,0,1,Bob,Jones,8aff1fea
20,2,6,1,0,1,1,1,0,1,Charlie,Taylor,104a1b92
21,5,5,1,0,1,1,2,0,1,Dana,Brown,a99459a4
18,1,5,1,0,1,1,1,0,1,Eli,Patel,77f7ea6a
20,1,6,1,0,1,1,1,0,1,Alice,Smith,020eb165
20,1,5,1,0,1,1,1,0,1,Bob,Jones,c7fab518
25,1,6,1,0,1,0,1,1,1,Charlie,Taylor,ba1d64b6
28,1,6,1,0,0,1,4,0,1,Dana,Brown,81d66af8
35,1,7,1,0,0,0,2,0,1,Eli,Patel,f6f5f012
27,1,8,1,0,0,0,1,0,1,Alice,Smith,0a6fb018
31,1,5,0,0,0,0,1,1,1,Bob,Jones,2db97b50
47,1,5,0,0,0,1,2,0,1,Charlie,Taylor,dec75ff5
20,1,0,1,0,0,1,1,1,1,Dana,Brown,22fc554b
18,1,0,1,0,1,1,1,0,1,Eli,Patel,66dfdd3c
39,1,6,1,0,0,0,4,0,1,Alice,Smith,0da1d27b
30,1,5,1,1,0,1,1,0,1,Bob,Jones,d61c8638
41,1,6,0,0,0,0,2,0,1,Charlie,Taylor,827b5646
18,1,6,1,0,0,0,1,0,0,Dana,Brown,52050dd7
18,1,5,1,1,1,1,1,0,1,Eli,Patel,a8200bc9
20,1,7,1,0,0,1,1,0,1,Alice,Smith,1c63fa01
21,1,6,1,0,1,0,1,0,1,Bob,Jones,e0e1d9f1
20,1,6,1,1,1,0,1,0,0,Charlie,Taylor,27f76e4b
20,4,6,1,0,0,0,1,0,1,Dana,Brown,8ece8eec
19,1,7,1,1,0,0,1,0,1,Eli,Patel,c48cf4ad
45,1,12,0,0,1,0,2,0,1,Alice,Smith,4c110f06
28,1,5,0,0,0,0,1,0,1,Bob,Jones,f9856a6a
18,1,0,1,0,1,1,1,1,1,Charlie,Taylor,8be23924
18,2,6,1,0,1,0,1,0,1,Dana,Brown,0ccc05a0
18,1,5,1,0,1,0,1,0,1,Eli,Patel,ee96e8be
21,2,5,1,0,1,1,1,0,1,Alice,Smith,71cf88f6
18,4,5,1,0,1,1,1,0,1,Bob,Jones,b8f704e1
19,1,5,1,0,1,1,1,0,1,Charlie,Taylor,49366b2b
19,1,5,1,0,0,1,1,0,1,Dana,Brown,e588539a
22,2,7,1,0,1,1,1,0,1,Eli,Patel,ec203c97
21,6,6,1,0,0,1,1,0,1,Alice,Smith,5d76763b
18,2,6,1,0,1,1,1,0,1,Bob,Jones,adc543de
20,1,12,1,1,1,1,1,0,1,Charlie,Taylor,0a33b3de
18,1,6,1,0,1,1,1,0,1,Dana,Brown,734e0e36
18,5,5,1,0,1,1,1,0,1,Eli,Patel,44247633
54,1,13,0,0,0,1,1,0,1,Alice,Smith,a16a568a
19,1,8,1,0,0,0,1,0,1,Bob,Jones,b8643261
27,1,5,0,0,0,0,1,0,1,Charlie,Taylor,1007fb72
20,2,5,1,0,0,0,1,0,1,Dana,Brown,9dc3485a
20,1,0,1,0,1,0,1,0,1,Eli,Patel,c81c23dd
19,1,6,1,0,1,0,1,0,1,Alice,Smith,1f26ae02
25,1,5,0,0,0,0,1,0,1,Bob,Jones,293f4858
19,1,5,1,0,1,1,1,0,1,Charlie,Taylor,a136a7dd
19,1,6,1,0,0,1,1,0,1,Dana,Brown,d55d8869
20,1,0,1,0,1,1,1,0,1,Eli,Patel,f9e6c8a5
19,1,5,1,0,0,1,1,0,1,Alice,Smith,0a3eeb88
18,1,5,1,0,0,1,1,0,1,Bob,Jones,dbb1a918
19,4,5,1,0,1,1,1,0,1,Charlie,Taylor,f4174a29
31,1,6,0,0,0,0,1,0,1,Dana,Brown,551ebe23
24,1,6,1,1,0,0,1,0,0,Eli,Patel,da517418
33,1,8,1,0,0,1,2,1,1,Alice,Smith,23c1bc5c
20,1,6,1,0,1,0,1,1,1,Bob,Jones,722a588d
44,1,11,0,0,0,1,2,0,1,Charlie,Taylor,6b501a5c
18,5,7,1,0,1,1,1,0,1,Dana,Brown,3eb562b1
19,4,6,1,0,1,1,1,0,1,Eli,Patel,3b6958fd
21,1,9,1,0,1,1,1,0,1,Alice,Smith,9d3bb9ca
20,2,6,1,0,1,1,1,0,1,Bob,Jones,23e477a6
20,1,5,1,0,0,1,1,0,1,Charlie,Taylor,ed85a60a
18,1,5,1,0,0,1,1,1,0,Dana,Brown,bac4f8ac
19,1,12,1,1,0,1,1,0,1,Eli,Patel,0a8de951
26,1,8,1,0,0,1,1,0,0,Alice,Smith,b456ca63
32,1,7,1,1,0,1,1,0,1,Bob,Jones,a16f5761
23,3,6,1,0,1,0,1,1,1,Charlie,Taylor,b1581c27
24,1,5,1,0,0,0,1,0,1,Dana,Brown,6fb135b8
25,1,6,1,0,1,1,1,0,1,Eli,Patel,45247a21
19,6,6,1,0,1,1,1,0,1,Alice,Smith,c781cff4
21,1,6,1,0,0,1,1,0,1,Bob,Jones,71037ecb
19,3,5,1,1,1,1,1,0,1,Charlie,Taylor,ca53c50c
25,1,5,1,0,0,1,1,0,1,Dana,Brown,d2da13ed
21,1,7,1,0,1,0,1,0,1,Eli,Patel,c038c658
19,3,5,1,0,0,1,1,1,1,Alice,Smith,c5005738
18,5,5,1,0,0,1,1,1,0,Bob,Jones,9e4571a9
24,1,6,1,1,0,1,1,0,1,Charlie,Taylor,46dee913
19,1,6,1,0,1,0,1,0,0,Dana,Brown,c45f8eda
19,3,7,1,0,1,0,1,1,1,Eli,Patel,0602c649
19,1,5,1,0,1,0,1,0,1,Alice,Smith,d1a0689f
21,1,5,1,0,1,0,1,0,1,Bob,Jones,0b1090c5
18,1,5,1,0,0,0,1,1,1,Charlie,Taylor,1f5e111e
39,1,7,1,0,1,0,2,0,1,Dana,Brown,7543b34e
20,2,5,1,1,1,1,1,0,1,Eli,Patel,a6326548
19,3,6,1,0,0,1,1,0,1,Alice,Smith,f477f4fb
27,1,2,0,0,0,1,2,0,1,Bob,Jones,da643067
34,1,5,1,0,0,1,1,0,1,Charlie,Taylor,d7efd800
41,1,7,1,1,0,1,2,0,1,Dana,Brown,9192090c
48,1,7,1,0,0,0,2,0,1,Eli,Patel,989e2e30
18,1,0,1,0,1,0,1,0,1,Alice,Smith,3a5e8a75
19,1,6,1,0,1,0,1,0,1,Bob,Jones,5488061f
21,1,6,1,0,0,0,1,0,1,Charlie,Taylor,5cb0d01f
19,1,6,1,0,1,0,1,0,1,Dana,Brown,e916c533
20,1,6,1,1,0,0,1,0,1,Eli,Patel,450fcb2c
20,1,6,1,0,1,0,1,0,1,Alice,Smith,23a47ae7
18,1,6,1,0,0,0,1,0,1,Bob,Jones,0ad83ccd
18,1,6,1,0,0,0,1,1,0,Charlie,Taylor,5a244812
17,4,8,1,0,1,0,1,0,1,Dana,Brown,b8f63eec
18,4,6,1,0,1,0,1,0,1,Eli,Patel,204a8c35
24,1,9,1,1,1,0,1,0,0,Alice,Smith,e54a07bf
20,1,8,1,0,0,0,1,1,1,Bob,Jones,a2ac6f10
18,3,5,1,0,1,0,1,0,1,Charlie,Taylor,3e5c41aa
18,1,6,1,1,0,0,1,0,1,Dana,Brown,ae1274cb
20,1,11,1,1,0,0,1,0,1,Eli,Patel,421f001b
19,4,7,1,0,1,0,1,0,1,Alice,Smith,08165c68
20,1,6,1,0,0,0,1,0,1,Bob,Jones,776cf8ab
34,1,5,0,0,0,0,2,0,1,Charlie,Taylor,16985b99
18,5,6,1,0,1,0,1,0,1,Dana,Brown,0764bcec
25,1,6,0,1,0,0,1,0,1,Eli,Patel,02ecff51
21,1,6,1,0,1,0,1,0,1,Alice,Smith,89afc5fa
34,1,5,0,0,0,0,2,0,1,Bob,Jones,e59813c9
17,2,0,1,0,1,1,1,0,1,Charlie,Taylor,7ecf5512
22,1,6,1,0,0,1,1,0,1,Dana,Brown,44d6acd4
19,6,7,1,0,1,0,1,0,1,Eli,Patel,d2126e4b
20,1,6,1,0,0,0,1,0,1,Alice,Smith,258060e1
19,4,6,1,0,1,0,1,0,1,Bob,Jones,7b2308f9
21,3,5,1,0,1,0,5,0,1,Charlie,Taylor,566235ed
21,1,6,1,0,0,0,1,0,1,Dana,Brown,bb5cdcd2
18,1,7,1,0,0,0,1,1,1,Eli,Patel,74a2ee69
18,1,6,1,0,1,0,1,0,1,Alice,Smith,fcb07320
18,1,5,1,0,1,0,1,0,1,Bob,Jones,589ab1cc
19,3,5,1,0,1,0,1,0,1,Charlie,Taylor,5801220d
18,1,0,1,0,1,0,1,0,1,Dana,Brown,fe928a50
18,1,6,1,0,0,0,1,0,1,Eli,Patel,355ab6a2
18,5,7,1,0,1,0,1,0,1,Alice,Smith,ebff9c8c
18,1,6,1,1,1,0,1,0,0,Bob,Jones,86fbda54
21,1,6,1,0,1,0,1,0,1,Charlie,Taylor,1ebf0b0c
18,2,0,1,0,1,0,1,0,1,Dana,Brown,e222eb3f
19,2,6,1,0,1,0,1,0,1,Eli,Patel,4863687c
18,1,6,1,0,0,0,1,1,1,Alice,Smith,e6debf04
18,1,0,1,0,1,1,1,1,1,Bob,Jones,075997a6
18,1,5,1,0,0,1,1,0,1,Charlie,Taylor,4d1010a5
19,2,6,1,0,1,1,1,1,1,Dana,Brown,19c9469e
20,2,5,1,0,1,1,1,0,1,Eli,Patel,d00fa366
19,1,6,1,0,1,1,1,0,1,Alice,Smith,87ad87ef
20,1,7,1,0,0,1,1,1,1,Bob,Jones,38405bc8
22,1,5,1,0,0,1,1,0,1,Charlie,Taylor,22baf1fe
22,2,5,1,0,1,1,1,1,1,Dana,Brown,f94ce1b2
19,1,5,1,0,0,1,1,0,1,Eli,Patel,4b2d8da6
19,2,6,1,0,0,1,1,0,1,Alice,Smith,dfb4f925
18,1,5,1,0,0,1,1,0,1,Bob,Jones,f45c081d
18,2,6,1,0,0,1,1,1,1,Charlie,Taylor,c755cafe
19,1,6,1,0,0,1,1,0,1,Dana,Brown,e3ecbcb4
24,1,6,1,0,0,1,1,0,1,Eli,Patel,f4b3f9b4
25,1,6,1,1,1,1,1,0,0,Alice,Smith,ce1a0404
37,1,5,0,0,0,1,2,0,1,Bob,Jones,8b62f8ae
19,1,5,1,0,0,1,1,0,1,Charlie,Taylor,e96eeaf2
19,1,7,1,0,0,1,1,1,1,Dana,Brown,c71f1874
21,2,8,1,0,0,1,1,1,1,Eli,Patel,d49e219f
20,1,7,1,0,0,1,1,0,1,Alice,Smith,31c8073b
19,2,6,1,0,0,1,1,1,1,Bob,Jones,aa185f48
42,1,6,1,0,1,1,1,0,1,Charlie,Taylor,a6a1e223
21,1,6,1,0,0,1,1,0,0,Dana,Brown,1293018f
19,1,6,1,0,1,1,1,0,1,Eli,Patel,d2d34e81
21,1,6,1,0,0,1,1,0,1,Alice,Smith,19a45122
20,1,6,1,0,0,1,1,0,1,Bob,Jones,44dcc9ea
19,1,5,1,0,0,1,1,0,1,Charlie,Taylor,02455ecf
23,1,7,1,0,0,1,1,0,1,Dana,Brown,67a17f38
18,1,6,1,0,0,1,1,0,1,Eli,Patel,8d4aa849
22,1,5,1,1,0,1,1,1,1,Alice,Smith,99a3b5ff
19,5,5,1,0,1,1,1,0,1,Bob,Jones,6528b219
22,3,6,1,0,1,1,1,1,1,Charlie,Taylor,f8dd90ac
38,1,6,1,0,0,1,1,0,1,Dana,Brown,fc52bd72
27,1,7,1,0,1,1,1,0,1,Eli,Patel,d230cdab
19,1,5,1,0,1,1,1,0,1,Alice,Smith,a5b1fcb3
20,1,5,1,0,0,1,1,0,1,Bob,Jones,53a102e7
18,4,5,1,0,1,1,1,0,1,Charlie,Taylor,3094a93d
19,1,6,1,0,0,1,1,0,1,Dana,Brown,f1f692e0
24,1,5,1,1,0,1,1,0,1,Eli,Patel,214bb963
22,1,5,1,0,1,1,1,0,1,Alice,Smith,ea1261f6
19,1,6,1,0,0,1,1,1,1,Bob,Jones,7087af59
23,1,17,1,1,1,1,1,0,1,Charlie,Taylor,64119840
29,1,6,1,0,1,1,1,0,0,Dana,Brown,f49549f1
20,1,6,1,0,0,1,1,0,1,Eli,Patel,feca584f
22,3,0,1,0,1,1,1,0,1,Alice,Smith,8a613f7d
20,2,6,1,0,1,1,1,0,1,Bob,Jones,c8df1d21
24,1,5,1,0,1,1,1,0,1,Charlie,Taylor,fd98e2cd
21,1,12,1,1,0,1,1,0,1,Dana,Brown,491c5fcc
20,1,5,1,0,0,1,1,0,1,Eli,Patel,ee5c8e02
22,5,6,1,0,1,1,1,0,1,Alice,Smith,a85186c6
18,1,5,1,0,0,1,1,0,1,Bob,Jones,744207cd
22,1,6,1,0,1,1,1,0,1,Charlie,Taylor,14f7c21d
19,2,6,1,0,1,1,1,0,1,Dana,Brown,146f8bf9
43,2,5,0,0,0,0,2,0,1,Eli,Patel,45033787
24,1,7,1,0,0,1,1,0,1,Alice,Smith,3c831cac
18,4,5,1,0,1,1,1,0,1,Bob,Jones,196e8fd0
21,1,5,1,0,0,1,2,0,1,Charlie,Taylor,2156861e
39,1,6,0,0,0,1,1,0,1,Dana,Brown,080eabc1
34,1,7,1,0,0,1,1,0,1,Eli,Patel,2eab584e
18,1,0,1,1,0,1,1,0,0,Alice,Smith,92120bb5
21,1,12,1,0,0,1,1,0,1,Bob,Jones,4308ce33
27,1,5,1,0,0,1,1,0,1,Charlie,Taylor,c82645df
18,1,5,1,0,1,1,1,0,1,Dana,Brown,9ae3a7de
20,1,6,1,0,0,1,1,1,1,Eli,Patel,fdf12ef2
19,1,6,1,0,1,1,1,0,1,Alice,Smith,c95d7a03
23,1,6,1,0,1,1,1,0,1,Bob,Jones,7a142596
22,1,0,1,0,1,1,1,0,1,Charlie,Taylor,dafcad6b
20,6,5,1,0,1,1,1,0,1,Dana,Brown,82fd2e8a
20,2,6,1,0,1,1,1,0,1,Eli,Patel,a8dce4c9
19,2,5,1,0,0,1,1,0,1,Alice,Smith,ec82962c
18,1,7,1,0,1,0,1,0,1,Bob,Jones,09ac5a31
20,4,5,1,0,1,1,1,0,1,Charlie,Taylor,b66cc935
18,1,6,1,0,1,0,1,1,1,Dana,Brown,9fca7f6a
19,2,6,1,0,1,0,1,0,1,Eli,Patel,cdbe2cca
19,1,5,1,0,0,0,1,0,1,Alice,Smith,6f8439a1
19,1,6,1,0,0,0,1,0,1,Bob,Jones,4d682182
20,3,6,1,0,1,0,1,1,1,Charlie,Taylor,e46e37eb
18,4,5,1,1,1,1,1,0,1,Dana,Brown,391a7a86
18,1,5,1,0,1,1,1,0,1,Eli,Patel,eaceab9d
18,2,0,1,0,1,0,1,0,1,Alice,Smith,71cf3198
19,1,5,1,0,0,0,1,0,1,Bob,Jones,936fb6fd
20,1,6,1,0,0,0,1,0,1,Charlie,Taylor,473a9748
26,1,6,0,0,0,0,1,0,1,Dana,Brown,847690db
41,1,5,1,1,0,0,1,0,1,Eli,Patel,00990296
26,1,5,0,0,0,0,1,0,1,Alice,Smith,eddbfbb2
21,2,5,1,0,1,0,1,0,1,Bob,Jones,725e8bba
24,4,5,1,0,1,0,1,0,1,Charlie,Taylor,065cf2ea
18,4,6,1,0,1,0,1,0,1,Dana,Brown,3b0449b5
22,1,7,1,1,1,0,1,0,0,Eli,Patel,991f54cf
23,1,5,1,0,1,0,1,0,1,Alice,Smith,570277c8
21,3,5,1,0,1,0,1,0,1,Bob,Jones,c0efb856
18,3,6,1,0,1,0,1,0,1,Charlie,Taylor,c4467244
22,1,6,1,0,1,0,1,0,1,Dana,Brown,13fa364b
29,1,10,1,0,0,0,1,0,1,Eli,Patel,4583c442
19,1,7,1,0,0,1,1,0,1,Alice,Smith,8f647505
18,1,5,1,0,0,1,1,1,1,Bob,Jones,a41f3249
28,9,5,0,0,0,1,1,0,1,Charlie,Taylor,9095c4af
20,1,6,1,0,1,1,1,0,1,Dana,Brown,579fbf46
26,1,7,1,0,0,1,1,0,1,Eli,Patel,646dcb0f
20,1,7,1,0,0,1,1,0,1,Alice,Smith,4e762c83
20,2,6,1,0,1,1,1,1,1,Bob,Jones,4ebf62a6
43,1,8,1,0,1,1,2,0,1,Charlie,Taylor,59716614
18,5,5,1,1,1,1,1,0,1,Dana,Brown,f191d4d4
40,1,5,0,0,0,1,2,0,1,Eli,Patel,6a98bc8b
27,1,6,1,0,0,1,1,0,1,Alice,Smith,e2f82a79
26,1,6,1,1,1,1,1,0,1,Bob,Jones,1c24d1b8
20,2,5,1,0,1,1,1,0,1,Charlie,Taylor,222465e6
20,1,5,1,0,0,1,1,0,1,Dana,Brown,6f40fd03
20,1,5,1,1,1,1,1,0,1,Eli,Patel,dbd60a00
30,1,7,1,1,0,1,1,0,1,Alice,Smith,83012d7e
21,1,6,1,1,0,1,1,0,0,Bob,Jones,ecf98962
19,1,5,1,0,0,1,1,0,1,Charlie,Taylor,ce33a228
25,1,7,1,0,0,0,4,0,1,Dana,Brown,d25b5583
26,2,7,1,0,0,0,2,1,1,Eli,Patel,530c2f5c
19,2,5,1,0,1,0,1,0,1,Alice,Smith,5a6875cb
21,1,6,1,0,0,0,1,0,1,Bob,Jones,d2500525
21,1,5,1,0,1,0,1,0,1,Charlie,Taylor,2c67cf18
26,1,6,1,0,0,0,1,0,0,Dana,Brown,4dcd39da
20,1,8,1,0,1,0,1,0,1,Eli,Patel,7d270ed6
18,2,6,1,0,1,0,1,0,1,Alice,Smith,7cadb1db
20,1,7,1,1,1,1,1,0,1,Bob,Jones,b8ab4582
23,1,6,1,0,0,1,1,0,1,Charlie,Taylor,2ba151e5
20,1,6,1,0,0,1,1,0,1,Dana,Brown,24512e48
45,1,9,0,0,0,0,1,0,1,Eli,Patel,8228ffc8
26,1,6,0,0,1,0,1,1,1,Alice,Smith,98de4f2f
25,1,5,0,0,0,0,1,0,1,Bob,Jones,39df6aa6
19,1,8,1,0,1,1,1,0,1,Charlie,Taylor,eb291e46
19,4,7,1,0,0,0,1,1,1,Dana,Brown,f14e30a9
18,2,0,1,0,1,0,1,1,1,Eli,Patel,81c4c3e4
19,2,5,1,0,1,0,1,0,1,Alice,Smith,361152c6
23,1,6,1,0,1,0,1,0,1,Bob,Jones,584d5b48
20,1,6,1,0,1,0,1,0,1,Charlie,Taylor,55f7b6cb
19,3,5,1,0,1,1,1,0,1,Dana,Brown,d8c9f4d2
29,1,5,0,0,0,1,4,0,1,Eli,Patel,4c0766bc
18,1,6,1,0,1,0,1,0,1,Alice,Smith,70d3fbb4
19,3,7,1,0,1,0,1,0,1,Bob,Jones,e4fc3202
19,1,5,1,0,0,0,1,1,1,Charlie,Taylor,98621f40
18,1,6,1,0,1,0,1,0,1,Dana,Brown,4969f85e
19,1,6,1,0,1,0,1,1,1,Eli,Patel,6f52c397
19,5,7,1,0,1,0,1,0,1,Alice,Smith,a09e283b
18,2,6,1,0,1,0,1,0,1,Bob,Jones,10cfd87b
18,3,5,1,0,1,0,1,0,1,Charlie,Taylor,994d852d
34,1,6,1,1,0,0,2,0,0,Dana,Brown,8d3ff657
22,2,5,1,0,0,0,1,0,1,Eli,Patel,0ecaa887
50,2,5,1,0,0,0,2,0,1,Alice,Smith,dd609aae
25,1,6,1,0,0,0,1,1,1,Bob,Jones,a319da7c
50,1,5,0,0,0,0,2,0,1,Charlie,Taylor,78924fdb
48,1,6,0,0,1,0,4,0,1,Dana,Brown,e5a92f47
41,1,5,1,0,0,0,2,0,1,Eli,Patel,fa9791ea
28,1,10,0,0,0,0,2,0,1,Alice,Smith,cf5acfa9
53,1,15,1,0,0,0,1,0,1,Bob,Jones,27b81c67
49,1,6,0,0,0,0,1,0,1,Charlie,Taylor,c0ac4a0a
22,1,10,1,0,1,0,1,0,1,Dana,Brown,37fab8b4
40,1,5,0,0,0,0,1,0,1,Eli,Patel,af6908c2
36,1,12,0,0,0,0,2,0,1,Alice,Smith,ee727782
48,1,6,0,0,0,0,6,1,1,Bob,Jones,47cf3198
34,1,6,0,0,0,0,1,0,1,Charlie,Taylor,91e8914f
19,3,8,1,0,1,0,1,0,1,Dana,Brown,f37e2499
34,1,5,0,0,0,0,2,0,1,Eli,Patel,fb81238d
28,2,7,1,0,1,0,2,0,1,Alice,Smith,dd1691f4
35,2,5,1,0,0,0,2,0,1,Bob,Jones,9d2f116b
18,4,8,1,0,1,0,1,0,1,Charlie,Taylor,89016574
18,1,5,1,0,0,0,1,0,1,Dana,Brown,7f5933f7
20,2,6,1,0,1,0,1,0,1,Eli,Patel,3e21bec0
18,2,6,1,0,1,0,1,0,1,Alice,Smith,756665fa
20,1,5,1,0,0,0,1,0,1,Bob,Jones,ed6a0abd
24,1,8,1,0,0,0,1,0,1,Charlie,Taylor,acd61324
19,5,5,1,0,1,0,1,1,1,Dana,Brown,a5b00ed3
18,4,6,1,0,1,0,1,0,1,Eli,Patel,f35ab333
18,5,7,1,0,1,0,1,0,1,Alice,Smith,5b65e0c6
19,1,5,1,0,0,0,1,0,1,Bob,Jones,bf7cdf8e
19,1,5,1,0,1,0,1,0,1,Charlie,Taylor,041009bc
19,2,6,1,0,0,0,1,0,1,Dana,Brown,d80f40ba
19,3,7,1,0,1,0,1,0,1,Eli,Patel,eaad83c6
20,3,6,1,0,1,1,1,1,1,Alice,Smith,e6655d87
33,1,5,1,0,1,1,1,0,1,Bob,Jones,62f3504e
20,1,6,1,0,1,1,1,0,1,Charlie,Taylor,c4cea08c
27,1,5,1,1,0,1,1,0,0,Dana,Brown,bdf3d21d
33,1,8,1,0,0,0,2,0,1,Eli,Patel,0776e45e
20,1,6,1,0,1,0,1,1,1,Alice,Smith,ec616f2e
19,1,6,1,0,1,0,1,0,1,Bob,Jones,e65f56cc
18,5,6,1,0,1,0,1,0,1,Charlie,Taylor,83dacbd2
19,1,6,1,0,1,0,1,0,1,Dana,Brown,60e9774f
21,1,5,1,0,1,0,1,0,1,Eli,Patel,193f6aad
19,5,5,1,0,1,0,1,1,1,Alice,Smith,6ceb68a5
21,1,6,1,0,1,0,1,0,1,Bob,Jones,833fc4df
21,6,7,1,0,1,0,1,0,1,Charlie,Taylor,b28bb7f5
18,1,7,1,0,1,0,1,0,1,Dana,Brown,702afdad
19,1,6,1,0,1,0,1,1,1,Eli,Patel,8a9113e0
20,5,7,1,0,0,0,1,0,1,Alice,Smith,f5f9215f
20,3,5,1,0,0,0,1,0,1,Bob,Jones,73b4e2de
20,1,5,1,0,1,0,1,0,1,Charlie,Taylor,00a986ec
18,5,7,1,0,1,0,1,0,1,Dana,Brown,b16e8446
18,2,5,1,0,0,0,1,0,1,Eli,Patel,9d85a7d3
21,1,6,1,0,1,1,1,0,1,Alice,Smith,0dbe5082
20,1,6,1,0,1,1,1,1,1,Bob,Jones,87f205a9
19,5,6,1,0,1,0,1,1,1,Charlie,Taylor,3da0f26c
19,1,7,1,0,1,1,1,1,1,Dana,Brown,404a9844
28,1,5,1,0,1,1,1,0,1,Eli,Patel,5dee1882
21,2,5,1,0,0,1,1,0,1,Alice,Smith,ed4b81f2
24,1,10,0,1,0,1,1,0,1,Bob,Jones,53af31b5
23,1,6,1,0,1,1,1,0,1,Charlie,Taylor,9f528ea8
20,1,6,1,0,1,1,1,0,1,Dana,Brown,058dc025
18,1,0,1,0,1,1,1,0,1,Eli,Patel,f896b284
23,1,13,0,0,0,0,1,0,1,Alice,Smith,2d10fad8
23,1,6,1,0,1,0,1,0,1,Bob,Jones,d79c997d
39,1,5,1,0,0,0,2,0,1,Charlie,Taylor,67acd201
22,1,5,1,0,1,0,1,0,1,Dana,Brown,e6a968fc
30,1,5,0,0,0,0,4,0,1,Eli,Patel,f1c127fa
35,1,5,0,0,0,0,2,1,1,Alice,Smith,9acf536c
26,1,7,1,0,1,0,1,0,1,Bob,Jones,62ce790b
30,1,11,1,0,0,0,2,0,1,Charlie,Taylor,c92600ef
25,1,5,0,1,0,1,2,0,1,Dana,Brown,56861e43
18,3,8,1,0,1,0,1,0,1,Eli,Patel,224cf307
23,1,7,1,0,0,0,1,0,1,Alice,Smith,34f2147a
18,2,7,1,0,1,0,1,1,1,Bob,Jones,02ea0910
31,1,6,1,1,0,0,1,0,1,Charlie,Taylor,2baf3246
20,1,6,1,0,0,1,1,0,1,Dana,Brown,db86d665
19,1,10,1,0,0,1,1,0,1,Eli,Patel,cc36a715
34,1,5,1,1,0,1,5,1,1,Alice,Smith,36f90aa5
21,1,5,1,0,0,1,1,0,1,Bob,Jones,f27a21c1
21,4,6,1,0,1,1,1,0,1,Charlie,Taylor,0282b3db
24,1,6,1,0,0,1,1,0,1,Dana,Brown,b0ffe0e6
20,1,6,1,1,0,1,1,0,0,Eli,Patel,fe4e5ab5
19,1,5,1,0,0,1,1,0,1,Alice,Smith,8dd95163
26,1,6,0,0,1,1,1,0,1,Bob,Jones,862b513b
20,1,5,1,0,0,1,1,0,1,Charlie,Taylor,031a43cb
21,1,5,1,0,1,0,1,0,1,Dana,Brown,21f46d71
26,1,5,0,0,0,1,1,0,1,Eli,Patel,4003951b
19,6,8,1,0,1,0,1,1,1,Alice,Smith,ede88573
19,1,5,1,0,0,0,2,0,1,Bob,Jones,d76ac18f
19,1,5,1,0,1,0,1,0,1,Charlie,Taylor,6117b904
21,1,6,1,0,0,0,1,1,1,Dana,Brown,e671fc5a
19,2,5,1,0,1,0,1,0,1,Eli,Patel,0c8155cd
18,1,5,1,0,0,0,1,0,1,Alice,Smith,093782a1
20,1,6,1,0,0,0,1,0,1,Bob,Jones,a6a39895
32,1,5,0,0,0,0,2,0,1,Charlie,Taylor,30da8dc1
19,3,6,1,0,1,0,1,0,1,Dana,Brown,451fe328
19,1,6,1,0,1,0,1,0,1,Eli,Patel,5661d54b
18,1,5,1,0,0,0,1,0,1,Alice,Smith,7b39f6be
20,6,7,1,0,1,0,1,0,1,Bob,Jones,e9bcf57a
19,1,6,1,0,0,0,1,0,1,Charlie,Taylor,1b9f1113
24,1,5,1,0,1,0,1,0,1,Dana,Brown,4365e306
29,1,13,0,0,1,0,1,0,1,Eli,Patel,601aaa3e
19,1,7,1,0,0,0,1,0,1,Alice,Smith,2131b210
19,1,6,1,0,0,0,1,0,1,Bob,Jones,8f0259a8
24,1,5,0,0,0,0,1,0,1,Charlie,Taylor,6b8d1105
28,1,7,1,1,0,0,1,0,1,Dana,Brown,9544080d
38,1,8,1,0,0,0,4,0,1,Eli,Patel,2cc64faf
19,1,6,1,0,1,0,1,0,1,Alice,Smith,ab16c68b
20,1,5,1,0,1,0,1,0,1,Bob,Jones,86eea473
29,1,5,0,0,0,0,1,0,1,Charlie,Taylor,8570aeca
19,5,8,1,0,1,0,1,1,1,Dana,Brown,0c4e6d35
28,1,8,1,1,0,1,1,0,1,Eli,Patel,af3f558e
27,1,6,1,0,0,1,1,0,1,Alice,Smith,e2e97415
18,1,5,1,0,1,1,1,1,1,Bob,Jones,6f88cd6f
20,1,6,1,0,0,1,1,0,1,Charlie,Taylor,9c92a69f
23,1,6,1,0,1,1,1,0,1,Dana,Brown,c722fccb
21,4,5,1,0,0,1,1,0,1,Eli,Patel,e186e586
34,1,5,0,0,0,1,2,0,1,Alice,Smith,1d95769f
20,1,7,1,0,0,1,1,0,1,Bob,Jones,9cab900b
24,1,9,1,0,1,1,1,0,1,Charlie,Taylor,3391eb04
39,1,5,0,0,0,1,1,0,1,Dana,Brown,45014625
19,1,6,1,0,0,1,1,0,0,Eli,Patel,1146b777
38,1,5,0,0,0,1,1,0,1,Alice,Smith,97051bd3
21,1,7,1,0,1,1,1,0,1,Bob,Jones,2d9a61b3
19,1,6,1,1,0,1,1,0,1,Charlie,Taylor,d4918ab1
25,1,6,1,0,1,1,1,0,1,Dana,Brown,91e94643
19,4,6,1,0,1,1,1,0,1,Eli,Patel,4710663b
33,1,7,1,0,0,1,2,0,1,Alice,Smith,881d709d
18,2,5,1,0,1,1,1,0,1,Bob,Jones,d41cd574
19,6,5,1,1,1,1,1,0,0,Charlie,Taylor,597e3f20
19,3,5,1,0,1,1,1,0,1,Dana,Brown,39af3740
18,3,8,1,0,1,1,1,0,1,Eli,Patel,35ad92e8
19,1,5,1,0,0,1,1,0,1,Alice,Smith,fa9fbd20
22,1,6,1,0,0,1,1,0,1,Bob,Jones,08901e6f
18,3,5,1,0,1,1,1,0,1,Charlie,Taylor,9624c915
22,1,0,1,0,0,1,1,0,1,Dana,Brown,fe84d380
19,1,0,1,1,0,1,1,0,1,Eli,Patel,be1452b3
19,1,5,1,0,1,1,1,0,1,Alice,Smith,0ba9f4a9
24,1,8,1,1,0,1,1,0,1,Bob,Jones,573c0e0b
18,1,5,1,0,0,1,1,1,0,Charlie,Taylor,a6a4a221
20,1,6,1,0,0,0,1,0,1,Dana,Brown,d7f972b6
18,6,6,1,0,1,0,1,1,1,Eli,Patel,7c7bc3c7
21,1,6,1,1,1,0,1,0,1,Alice,Smith,abc17442
33,1,7,1,1,0,0,4,0,0,Bob,Jones,790ac97b
26,1,6,1,0,1,0,1,0,1,Charlie,Taylor,e763f1ae
21,1,6,1,0,0,0,1,0,1,Dana,Brown,b4ca5a2f
20,1,6,1,0,1,0,1,0,1,Eli,Patel,94f7982d
20,1,5,1,0,0,0,1,0,1,Alice,Smith,340bd26c
43,1,6,1,0,0,1,1,0,1,Bob,Jones,355c466a
26,1,5,1,0,0,1,5,0,1,Charlie,Taylor,91acaff7
33,1,5,1,0,1,1,1,0,1,Dana,Brown,6d08c934
19,1,6,1,0,0,1,1,0,1,Eli,Patel,092f9afc
18,3,6,1,0,1,1,1,0,1,Alice,Smith,e335a6a4
21,1,5,1,1,0,1,1,1,1,Bob,Jones,00bb1638
20,2,5,1,0,1,1,1,0,1,Charlie,Taylor,e4369400
19,1,6,1,0,0,1,1,0,1,Dana,Brown,48ec6dcb
24,1,5,1,0,0,1,1,1,1,Eli,Patel,013bc610
21,1,6,1,0,0,1,1,0,1,Alice,Smith,faaff311
28,1,5,1,0,0,1,1,1,1,Bob,Jones,55acc0a5
28,1,6,1,0,0,0,1,0,1,Charlie,Taylor,ea916445
20,1,6,1,0,1,0,1,0,1,Dana,Brown,41cfa238
23,3,6,1,0,1,0,1,0,1,Eli,Patel,09fe8254
23,1,6,1,0,1,0,1,0,1,Alice,Smith,8530e792
25,1,7,1,0,0,0,1,0,1,Bob,Jones,89201af3
19,2,7,1,0,1,0,1,1,1,Charlie,Taylor,5583f52c
20,1,6,1,0,0,1,1,1,1,Dana,Brown,8aa0d74c
19,1,6,1,0,0,1,1,0,1,Eli,Patel,8773f6e4
18,1,7,1,0,1,0,1,1,1,Alice,Smith,1b3f2946
18,3,7,1,0,1,0,1,0,1,Bob,Jones,c3e66fa2
22,1,6,1,0,1,1,1,0,1,Charlie,Taylor,fdbc0049
18,1,5,1,0,1,1,1,0,1,Dana,Brown,a65e1290
19,1,6,1,0,1,1,1,0,1,Eli,Patel,9079d7b4
34,1,12,1,0,1,1,1,0,1,Alice,Smith,a9685898
19,1,6,1,0,0,1,1,1,1,Bob,Jones,96d419d7
20,1,6,1,0,0,1,1,0,1,Charlie,Taylor,a38e8df1
20,1,6,1,0,1,0,1,1,1,Dana,Brown,3ab967c7
19,1,6,1,0,0,0,1,1,1,Eli,Patel,1c1df6e9
21,1,7,1,1,1,0,1,0,1,Alice,Smith,4dba68ab
18,4,6,1,0,1,0,1,0,1,Bob,Jones,03ba76d2
21,6,7,1,0,1,0,1,0,1,Charlie,Taylor,3fa3ec06
22,5,6,1,0,1,1,1,0,1,Dana,Brown,aa1ea87d
33,1,8,1,0,0,0,2,0,1,Eli,Patel,d26c1aa2
20,3,6,1,0,1,0,1,1,1,Alice,Smith,f44137f5
35,1,5,1,0,0,0,2,0,1,Bob,Jones,4f4e5190
22,1,6,1,0,1,0,1,0,1,Charlie,Taylor,92d7c460
20,1,6,1,0,1,0,1,0,1,Dana,Brown,1d7ab4f0
20,1,5,1,0,1,0,1,0,1,Eli,Patel,df8e794f
21,1,12,1,1,1,1,1,0,1,Alice,Smith,f4abc2a5
23,1,5,1,0,1,1,1,0,1,Bob,Jones,0581b5e1
24,1,6,1,0,1,0,1,0,1,Charlie,Taylor,7f1f130b
19,1,5,1,1,0,0,1,0,1,Dana,Brown,835e69b5
19,1,6,1,0,0,0,1,0,1,Eli,Patel,7ae7190a
22,3,6,1,0,1,0,1,0,1,Alice,Smith,ba1504b8
36,1,5,1,0,0,0,2,0,1,Bob,Jones,145ae943
20,1,7,1,0,0,0,1,1,1,Charlie,Taylor,9c77e720
40,1,6,1,0,0,0,4,0,1,Dana,Brown,dd2c038a
19,1,5,1,0,1,0,1,0,1,Eli,Patel,9b2b0659
20,1,7,1,0,0,0,1,0,1,Alice,Smith,8bce2cd3
38,1,5,0,0,0,0,4,1,1,Bob,Jones,33f1f651
19,1,12,1,0,1,1,1,1,1,Charlie,Taylor,64675bcc
21,1,6,1,0,1,0,1,1,1,Dana,Brown,75149b44
18,2,8,1,0,1,0,1,0,1,Eli,Patel,9dfc72e5
19,1,6,1,0,0,0,1,0,1,Alice,Smith,72669e77
22,1,6,1,0,0,0,1,0,1,Bob,Jones,15e08643
22,1,17,1,1,1,0,1,0,1,Charlie,Taylor,bb0f4fd7
20,1,6,0,0,0,0,1,0,1,Dana,Brown,779c34c4
31,1,6,1,0,0,0,2,0,1,Eli,Patel,890a449f
18,2,6,1,0,1,0,1,1,1,Alice,Smith,2271f355
21,1,5,1,1,0,0,1,0,1,Bob,Jones,50c81aa2
19,3,6,1,0,1,0,1,0,1,Charlie,Taylor,8ddfd78a
25,1,8,1,0,1,0,1,1,1,Dana,Brown,ef35b7e3
33,1,10,0,0,0,0,2,0,1,Eli,Patel,afa21447
20,1,7,1,0,1,0,1,0,1,Alice,Smith,e4c00436
19,2,5,1,0,1,0,1,0,1,Bob,Jones,2f029e51
20,3,6,1,0,1,0,1,0,1,Charlie,Taylor,351f54e8
18,1,6,1,0,1,0,1,0,0,Dana,Brown,4e86a41c
19,1,5,1,0,1,0,1,1,1,Eli,Patel,b7602512
24,1,8,1,0,1,0,1,1,1,Alice,Smith,dcf5f5bc
19,3,5,1,0,0,0,1,0,1,Bob,Jones,2541b8ae
21,1,12,1,0,1,0,1,0,1,Charlie,Taylor,c7924bfc
18,1,6,1,0,0,0,1,0,1,Dana,Brown,f074e809
24,1,7,1,0,0,0,1,0,1,Eli,Patel,0aceeb48
22,1,7,1,0,1,0,1,0,1,Alice,Smith,6faff22e
44,1,6,1,0,0,0,4,1,0,Bob,Jones,71247ab2
20,1,5,1,0,1,0,1,0,1,Charlie,Taylor,61055b25
19,1,0,1,1,1,0,1,0,1,Dana,Brown,a451992c
18,3,8,1,0,1,0,1,1,1,Eli,Patel,f2103a71
18,2,6,1,0,1,0,1,0,0,Alice,Smith,ce365991
21,1,5,0,0,0,0,1,1,1,Bob,Jones,ce40f185
20,5,6,1,0,1,0,1,0,1,Charlie,Taylor,703b5111
18,1,6,1,0,1,0,1,1,1,Dana,Brown,b4393ad3
18,2,5,1,0,1,0,1,0,1,Eli,Patel,8ee87667
27,1,6,1,1,1,0,1,0,1,Alice,Smith,38324e7c
18,1,6,1,1,1,0,1,0,1,Bob,Jones,89af04a9
20,1,5,0,0,1,0,1,0,1,Charlie,Taylor,d4589eb1
19,2,5,1,0,1,0,1,0,1,Dana,Brown,018fa38c
20,1,6,1,0,1,0,1,0,1,Eli,Patel,59bbee64
22,2,6,1,0,1,0,1,0,1,Alice,Smith,f64551ab
22,1,6,1,0,1,0,1,0,1,Bob,Jones,ea641bfc
20,1,0,1,0,1,0,1,0,1,Charlie,Taylor,599987c1
18,3,6,1,0,0,0,1,0,1,Dana,Brown,eb8c381f
45,1,6,0,0,0,0,2,0,1,Eli,Patel,849bc0e9
25,1,5,0,1,0,0,1,0,1,Alice,Smith,b067779a
20,2,5,1,0,1,1,1,0,1,Bob,Jones,c2f1e858
22,3,6,1,0,1,1,1,0,1,Charlie,Taylor,2a017dab
20,4,7,1,0,1,1,1,0,1,Dana,Brown,59767e28
18,1,6,1,0,1,0,1,0,1,Eli,Patel,20f7b1a7
21,5,5,1,0,0,0,1,0,1,Alice,Smith,2dd9c526
21,1,0,1,0,0,1,1,0,1,Bob,Jones,5fd0e4c6
18,2,6,1,0,1,1,1,0,1,Charlie,Taylor,096ad3e2
18,2,5,1,0,0,1,1,0,1,Dana,Brown,f20af03a
25,1,6,1,0,1,1,1,0,1,Eli,Patel,4177a4a8
18,1,5,1,0,1,1,1,0,1,Alice,Smith,b9ea8ab2
21,1,6,1,0,1,1,1,0,1,Bob,Jones,08e90e32
24,2,7,1,0,0,1,1,1,1,Charlie,Taylor,51370273
22,5,5,1,0,0,1,1,0,1,Dana,Brown,513ab5ec
28,1,13,1,0,1,1,1,0,1,Eli,Patel,90dea421
18,6,5,1,0,1,1,1,0,1,Alice,Smith,bbed1b61
21,1,5,1,1,0,1,1,0,1,Bob,Jones,2b894f84
28,1,5,0,0,0,0,4,0,1,Charlie,Taylor,c5324c83
21,1,5,1,0,1,0,1,0,1,Dana,Brown,e269a518
20,2,6,1,0,1,0,1,0,1,Eli,Patel,30229fd2
18,1,5,1,0,0,0,1,1,1,Alice,Smith,3029546d
18,2,7,1,0,1,0,1,0,1,Bob,Jones,ff3c48fa
30,1,5,0,0,0,0,4,0,1,Charlie,Taylor,f19af159
18,1,6,1,0,1,0,1,0,1,Dana,Brown,7f05686e
18,1,7,1,0,1,1,1,0,1,Eli,Patel,45e4af85
19,1,6,1,0,0,0,1,0,1,Alice,Smith,a6144dce
20,2,6,1,0,0,0,1,0,1,Bob,Jones,c04e36fd
32,1,7,1,0,0,0,2,0,1,Charlie,Taylor,e3c11b56
18,1,5,1,0,0,0,1,0,1,Dana,Brown,476f801a
21,4,6,1,0,1,0,1,0,1,Eli,Patel,58469da3
18,2,6,1,0,1,1,1,0,1,Alice,Smith,e542d546
20,1,6,1,0,1,1,1,0,1,Bob,Jones,380c122e
19,1,6,1,0,1,1,1,1,1,Charlie,Taylor,9b4dd56f
25,1,10,1,0,1,1,1,0,1,Dana,Brown,d26242df
18,1,6,1,0,1,0,1,0,1,Eli,Patel,e98eda4b
18,1,7,1,0,1,0,1,0,1,Alice,Smith,adf22f0f
20,4,7,1,0,1,0,1,0,1,Bob,Jones,81a7fe6b
18,1,6,1,1,1,0,1,1,1,Charlie,Taylor,18492fcb
18,1,5,1,0,1,0,1,0,1,Dana,Brown,1828fff9
19,2,7,1,0,1,1,1,0,1,Eli,Patel,a2056759
21,1,6,1,0,0,1,1,0,1,Alice,Smith,a44b74a5
18,1,5,1,0,0,1,1,0,0,Bob,Jones,090e25e5
24,1,5,0,0,0,0,1,0,1,Charlie,Taylor,4694fea5
19,1,8,1,0,1,0,1,1,1,Dana,Brown,5000cefb
20,1,6,1,0,1,0,1,1,1,Eli,Patel,51274ecd
18,3,0,1,0,1,0,1,0,1,Alice,Smith,da72b897
19,3,0,1,0,1,1,1,1,1,Bob,Jones,61a91d95
19,1,6,1,0,1,1,1,0,1,Charlie,Taylor,a58887ff
24,1,6,1,0,0,1,1,0,1,Dana,Brown,803b03fc
26,1,6,1,0,0,1,1,0,1,Eli,Patel,f6aec1e9
18,1,5,1,0,0,1,1,0,1,Alice,Smith,2d775028
18,1,5,1,0,0,1,1,0,1,Bob,Jones,98526066
23,6,5,1,0,1,1,1,0,1,Charlie,Taylor,957560ac
18,2,5,1,1,1,1,1,0,1,Dana,Brown,18983774
19,1,5,1,0,1,1,1,0,1,Eli,Patel,3485a8bb
19,1,5,1,0,1,0,1,0,1,Alice,Smith,e918c4ef
20,2,7,1,0,1,0,1,0,1,Bob,Jones,8aae581b
18,2,5,1,0,1,0,1,1,1,Charlie,Taylor,be9354b6
20,1,7,1,0,0,0,1,0,1,Dana,Brown,8accba04
20,1,6,1,0,1,0,1,1,1,Eli,Patel,9bda770c
20,1,5,1,0,0,0,1,0,1,Alice,Smith,bc3f5753
18,1,6,1,0,1,0,1,1,1,Bob,Jones,0130429c
20,2,7,1,0,0,0,1,1,1,Charlie,Taylor,c9c890c9
22,1,5,1,1,1,0,1,0,0,Dana,Brown,84c95e2a
18,1,0,1,0,1,0,1,0,1,Eli,Patel,5a5a122d
18,1,6,1,0,1,0,1,0,1,Alice,Smith,cff864cd
47,1,1,1,1,0,0,3,0,1,Bob,Jones,b33f4d7f
28,1,5,1,0,1,0,1,0,1,Charlie,Taylor,eea3f707
18,1,5,1,0,1,0,1,1,1,Dana,Brown,88bd1cb2
26,1,6,0,0,0,0,1,1,1,Eli,Patel,fffbabf5
21,1,10,1,1,0,0,1,0,0,Alice,Smith,26d62d7b
23,1,6,0,0,0,0,1,0,1,Bob,Jones,5f88c0b2
35,1,3,1,0,0,0,1,0,1,Charlie,Taylor,c4eeb9fb
25,1,7,1,0,0,0,1,0,1,Dana,Brown,b27eaeaa
19,3,7,1,0,1,0,1,0,1,Eli,Patel,7586f12b
24,1,17,1,0,1,0,1,0,1,Alice,Smith,b62ba86a
19,3,6,1,0,1,0,1,0,1,Bob,Jones,bc36f33c
18,1,6,1,0,1,0,1,0,1,Charlie,Taylor,9fe84ec0
18,3,6,1,0,0,0,1,0,1,Dana,Brown,1b80ce9b
18,1,7,1,0,0,0,1,1,1,Eli,Patel,986fbd6d
18,1,6,1,0,0,0,1,0,1,Alice,Smith,93046e47
24,1,6,1,0,0,0,1,0,1,Bob,Jones,d0b52aeb
19,1,6,1,0,1,0,1,0,1,Charlie,Taylor,6f27a7d4
20,1,7,1,0,0,0,1,0,1,Dana,Brown,90908df6
19,3,5,1,0,1,0,1,0,1,Eli,Patel,34784769
18,1,6,1,0,1,0,1,0,1,Alice,Smith,d3f9d63f
18,1,5,1,0,1,0,1,0,1,Bob,Jones,cc611b9d
18,1,7,1,0,1,0,1,0,1,Charlie,Taylor,2f231756
19,1,5,1,0,1,0,1,0,1,Dana,Brown,752cd42e
26,1,5,1,0,1,0,1,0,1,Eli,Patel,33cf24d3
36,1,16,1,0,0,0,1,0,1,Alice,Smith,97888f03
20,2,6,0,0,0,0,1,0,1,Bob,Jones,fe173853
30,1,6,1,1,0,0,1,1,1,Charlie,Taylor,e28aaca1
20,4,5,1,0,1,0,1,0,1,Dana,Brown,efd65ce9
19,4,7,1,0,1,0,1,0,1,Eli,Patel,00d495cf
19,1,5,1,0,0,0,1,0,1,Alice,Smith,455ac1ad
31,1,5,0,0,0,0,4,1,1,Bob,Jones,4a6fff3a
42,1,11,0,1,0,0,2,0,1,Charlie,Taylor,1f3a5ed6
18,1,7,1,0,1,0,1,1,0,Dana,Brown,34be84fb
21,1,6,1,0,1,0,1,0,1,Eli,Patel,dc0756bf
20,1,7,1,0,0,0,1,0,1,Alice,Smith,003345b2
19,1,6,1,0,0,0,1,0,1,Bob,Jones,f88bc8da
22,1,6,1,0,1,0,1,0,1,Charlie,Taylor,a6143ab4
21,1,6,1,0,1,0,1,0,1,Dana,Brown,675035ec
26,1,7,1,0,0,0,1,0,1,Eli,Patel,17101e02
18,4,6,1,0,0,0,1,1,1,Alice,Smith,13728d0c
20,1,6,1,0,1,0,1,0,1,Bob,Jones,ed163df6
19,1,6,1,0,1,0,1,0,1,Charlie,Taylor,5d848394
19,1,6,1,0,0,0,1,0,1,Dana,Brown,80eefb54
20,1,5,1,0,1,0,1,0,1,Eli,Patel,6b182c76
20,1,6,1,0,0,0,1,1,1,Alice,Smith,4ba7b8df
18,1,2,1,0,0,0,1,0,1,Bob,Jones,71467702
18,1,5,1,1,1,0,1,0,1,Charlie,Taylor,1cac434c
20,3,6,1,0,1,0,1,1,1,Dana,Brown,6c3c30e3
19,3,5,1,0,1,0,1,0,1,Eli,Patel,73c0a4c6
20,1,6,1,0,0,0,1,0,1,Alice,Smith,a4f41f79
20,1,6,1,0,1,0,1,0,1,Bob,Jones,9612e4d9
21,1,6,1,0,1,0,1,1,1,Charlie,Taylor,691b39ea
20,1,6,1,0,0,0,1,0,1,Dana,Brown,7016b232
22,1,6,1,1,1,0,1,0,1,Eli,Patel,cc33458c
18,1,7,1,0,1,0,1,0,1,Alice,Smith,4d884675
20,3,5,1,0,1,0,1,0,1,Bob,Jones,10989e47
18,1,6,1,0,0,0,1,0,0,Charlie,Taylor,f5ab4a66
27,1,7,1,0,0,0,1,0,1,Dana,Brown,bb175aee
26,1,7,1,0,0,0,1,0,1,Eli,Patel,02610058
18,2,6,1,0,1,0,1,0,1,Alice,Smith,40b8c4b4
24,1,5,1,0,1,1,1,0,1,Bob,Jones,7bccfcb3
19,1,5,1,0,0,1,1,1,1,Charlie,Taylor,32ad594c
20,1,5,1,0,0,1,1,0,1,Dana,Brown,2187de4d
18,2,5,1,0,1,1,1,1,1,Eli,Patel,069f9de5
20,2,5,1,0,0,1,1,0,1,Alice,Smith,2058a4e0
25,1,5,1,0,0,1,1,0,1,Bob,Jones,7400435d
22,1,6,1,1,0,1,1,0,1,Charlie,Taylor,dd814b14
18,1,8,1,0,0,1,1,0,1,Dana,Brown,ec8d51dc
20,1,5,1,0,1,1,1,0,1,Eli,Patel,eb5dbafe
23,1,6,1,1,1,1,1,0,1,Alice,Smith,21eeac10
20,1,5,1,0,1,1,1,0,1,Bob,Jones,317827ae
20,6,5,1,0,0,1,1,0,1,Charlie,Taylor,9d0c857e
28,2,5,0,0,1,0,1,1,1,Dana,Brown,382ed678
19,1,6,1,0,1,0,1,0,1,Eli,Patel,740d7bbe
19,1,7,1,0,0,0,1,0,1,Alice,Smith,6ba22fe1
20,1,6,1,0,1,0,1,0,1,Bob,Jones,5068e9f0
20,1,6,1,1,0,0,1,0,1,Charlie,Taylor,7b9bfb77
18,3,7,1,0,1,0,1,1,1,Dana,Brown,37bc4c23
20,3,5,1,0,0,0,1,0,1,Eli,Patel,844df253
19,1,6,1,0,1,0,1,0,1,Alice,Smith,736c37b2
19,2,6,1,0,1,0,1,0,1,Bob,Jones,c423d6d1
27,1,5,0,0,0,0,1,0,1,Charlie,Taylor,51cb7743
18,6,5,1,0,0,0,1,0,1,Dana,Brown,d0cda915
18,1,5,1,0,1,0,1,0,1,Eli,Patel,ed2418e3
18,3,8,1,0,1,0,1,0,1,Alice,Smith,bd040829
19,1,5,1,0,1,0,1,1,1,Bob,Jones,5dd18984
21,1,6,1,0,0,0,1,0,1,Charlie,Taylor,10617d1f
23,1,12,1,0,1,0,1,0,0,Dana,Brown,4681a1d6
19,4,6,1,1,1,0,1,1,1,Eli,Patel,1eb56150
18,1,6,1,1,0,0,1,0,1,Alice,Smith,17736ff7
19,1,7,1,0,1,0,1,0,1,Bob,Jones,56e58be7
18,1,6,1,0,1,0,1,0,1,Charlie,Taylor,da5f5e2d
21,1,6,1,0,0,1,1,0,1,Dana,Brown,387ec527
20,1,6,1,0,0,1,1,0,1,Eli,Patel,69a6ba4f
20,1,6,1,0,0,1,1,0,0,Alice,Smith,95c5158d
37,1,5,0,0,0,1,2,0,1,Bob,Jones,3d459992
18,1,6,1,0,1,1,1,0,1,Charlie,Taylor,b0e178ed
23,1,6,1,0,0,1,1,0,1,Dana,Brown,89a2cbe3
18,1,6,1,0,1,1,1,0,1,Eli,Patel,d25d12a6
32,1,11,1,0,0,1,1,0,1,Alice,Smith,c9de9f3e
19,1,12,1,1,1,1,1,0,1,Bob,Jones,08a23b00
20,1,0,1,0,1,1,1,0,1,Charlie,Taylor,021d1871
40,1,5,1,1,0,1,1,0,1,Dana,Brown,b8cf97cb
20,4,5,1,0,0,1,1,0,1,Eli,Patel,15ce5f44
20,1,5,1,0,1,0,1,0,1,Alice,Smith,3c5384e4
19,3,7,1,0,1,0,1,0,1,Bob,Jones,7ff68687
19,1,6,1,0,1,0,1,0,1,Charlie,Taylor,0fd290a9
20,1,7,1,0,0,0,1,0,1,Dana,Brown,991d0732
18,3,8,1,0,1,0,1,0,1,Eli,Patel,bd0f9784
18,1,6,1,0,1,0,1,0,1,Alice,Smith,ce5fe5e2
22,1,6,1,0,1,0,1,1,0,Bob,Jones,cc68671f
20,2,5,1,1,1,0,1,0,1,Charlie,Taylor,7f4db847
23,1,6,1,1,0,0,1,0,0,Dana,Brown,9ffab2d0
20,5,6,1,0,1,0,1,0,1,Eli,Patel,a9d8f079
21,1,5,1,0,0,0,1,0,1,Alice,Smith,10c6538a
20,1,6,1,0,0,0,1,0,1,Bob,Jones,6680442d
20,2,7,1,0,1,0,1,1,0,Charlie,Taylor,9c903eca
20,1,7,1,0,1,0,1,0,1,Dana,Brown,f7b1c208
21,1,5,1,1,0,0,1,0,1,Eli,Patel,0efaaf36
18,3,5,1,0,1,1,1,0,1,Alice,Smith,c65095c0
23,1,7,1,0,1,1,1,0,1,Bob,Jones,f4e6ea62
22,1,5,1,0,0,1,1,0,0,Charlie,Taylor,2584f090
18,1,5,1,0,1,0,1,0,1,Dana,Brown,12d1398e
22,2,6,1,0,1,0,1,0,1,Eli,Patel,672a2383
18,4,5,1,1,1,1,1,0,0,Alice,Smith,7d3ca765
21,1,7,1,0,0,1,1,1,1,Bob,Jones,5f702660
21,1,6,1,0,1,0,1,0,1,Charlie,Taylor,c22adcbb
20,5,6,1,0,1,0,1,0,1,Dana,Brown,70df80cc
37,1,5,0,0,0,0,4,0,1,Eli,Patel,7d8e7998
37,1,8,0,1,0,0,2,0,1,Alice,Smith,352e65ba
28,1,6,1,1,1,0,1,0,1,Bob,Jones,29ae2227
18,5,5,1,0,1,0,1,0,1,Charlie,Taylor,a9e35088
34,1,8,1,0,1,0,1,0,1,Dana,Brown,b45de953
31,1,6,0,0,0,0,1,0,1,Eli,Patel,78fb5e36
18,1,6,1,0,1,0,1,0,1,Alice,Smith,4e74809f
31,1,6,1,0,1,0,2,0,1,Bob,Jones,60d5565a
18,2,5,1,0,0,1,1,0,1,Charlie,Taylor,acef1b22
24,1,5,1,0,0,1,1,0,1,Dana,Brown,3d7eaaf5
18,3,5,1,1,1,1,1,0,0,Eli,Patel,7f77e6c1
41,1,5,0,0,0,1,2,1,1,Alice,Smith,3544260f
34,1,5,0,0,0,1,2,0,1,Bob,Jones,a9810e51
20,3,7,1,0,1,0,1,1,1,Charlie,Taylor,b75b273b
22,1,6,1,0,1,0,1,0,1,Dana,Brown,3cdc8e5d
18,1,6,1,0,0,0,1,1,1,Eli,Patel,73e3b48c
18,3,6,1,0,0,0,1,1,1,Alice,Smith,7e2b0e70
18,1,6,1,0,0,0,1,0,1,Bob,Jones,2c453458
18,1,6,1,1,1,0,1,0,1,Charlie,Taylor,08d7ce9e
19,1,6,1,0,0,0,1,0,1,Dana,Brown,727beaf3
21,1,6,1,0,1,0,1,0,1,Eli,Patel,a9ec3fcc
18,2,7,1,0,1,0,1,0,1,Alice,Smith,30e4a7fb
18,1,0,1,0,0,0,1,0,1,Bob,Jones,77bc3def
18,2,6,1,0,1,0,1,0,1,Charlie,Taylor,97af9cd0
21,1,10,1,0,0,0,1,0,1,Dana,Brown,4a545e0f
20,2,7,1,0,1,0,1,1,1,Eli,Patel,2d5976ff
25,1,5,0,0,0,0,1,0,1,Alice,Smith,8faf91f5
25,2,7,1,0,1,0,1,0,1,Bob,Jones,af0366f1
24,1,6,1,0,1,0,1,0,1,Charlie,Taylor,469b320e
19,1,5,1,0,1,0,1,0,1,Dana,Brown,8d7218b0
19,6,5,1,0,0,0,1,1,1,Eli,Patel,0ab7f4ce
20,2,5,1,0,1,0,1,1,1,Alice,Smith,443f8852
18,1,0,1,0,1,0,1,0,1,Bob,Jones,e8469210
18,2,7,1,0,0,0,1,0,1,Charlie,Taylor,b48ab92e
19,3,5,1,0,1,0,1,0,1,Dana,Brown,ca2c0e09
19,1,7,1,0,1,0,1,0,1,Eli,Patel,d058cbdf
19,1,5,1,0,1,0,1,0,1,Alice,Smith,b83b46c1
32,1,7,1,0,1,0,4,0,1,Bob,Jones,25a454f6
24,1,5,0,0,0,1,1,0,1,Charlie,Taylor,35f99642
19,2,7,1,0,1,0,1,0,1,Dana,Brown,64aa856c
45,1,11,1,0,1,0,2,0,1,Eli,Patel,a7d71fc6
18,1,7,1,0,1,0,1,0,1,Alice,Smith,6eeb9f39
37,1,6,1,1,0,0,2,0,1,Bob,Jones,04045c7a
20,1,6,1,0,0,0,1,1,1,Charlie,Taylor,34704e64
18,4,7,1,0,1,0,1,1,1,Dana,Brown,41bb79a1
21,1,9,1,1,1,0,1,0,1,Eli,Patel,395cc3c9
25,1,5,1,0,0,1,1,0,1,Alice,Smith,efd4e4c5
21,1,6,1,1,1,0,1,0,1,Bob,Jones,c5031a82
19,1,5,1,0,1,0,1,0,1,Charlie,Taylor,e61ba6d2
23,1,11,0,1,0,0,1,0,1,Dana,Brown,e8604070
18,1,6,1,0,0,0,1,0,1,Eli,Patel,655156db
24,1,6,0,0,0,1,1,1,1,Alice,Smith,ef9470dc
20,2,6,1,0,1,1,1,1,1,Bob,Jones,72ee8146
18,2,5,1,0,0,1,1,1,1,Charlie,Taylor,a1830ac9
26,1,6,1,0,1,1,1,0,1,Dana,Brown,b588697d
18,1,6,1,0,1,0,1,0,1,Eli,Patel,7a6d6361
19,2,5,1,0,1,0,1,0,1,Alice,Smith,945f9b84
20,2,7,1,0,1,0,1,0,1,Bob,Jones,f1aa7156
18,3,5,1,0,1,0,1,0,1,Charlie,Taylor,63146967
21,1,6,1,0,1,0,1,0,1,Dana,Brown,594faf08
18,1,6,1,0,0,0,1,0,1,Eli,Patel,e2690dfe
20,1,6,1,0,1,0,1,0,1,Alice,Smith,98fdda1b
19,2,6,1,0,1,0,1,0,1,Bob,Jones,74f1348b
27,1,7,1,0,0,0,1,1,1,Charlie,Taylor,27de2a3f
19,1,5,1,1,1,0,1,1,0,Dana,Brown,f15f16f8
19,3,7,1,0,1,0,1,1,1,Eli,Patel,987d78c0
23,1,11,1,1,1,0,1,0,0,Alice,Smith,781fcb44
20,1,6,1,0,0,0,1,1,1,Bob,Jones,fb44a1c7
20,1,6,1,0,0,0,1,0,1,Charlie,Taylor,884c29ec
18,1,5,1,0,1,1,1,0,1,Dana,Brown,025ef7c7
21,2,5,1,0,1,1,1,0,1,Eli,Patel,0f6a85a7
20,1,6,1,0,1,0,1,0,1,Alice,Smith,0a69418d
18,2,0,1,0,1,0,1,0,1,Bob,Jones,d96ae87a
19,2,6,1,0,1,0,1,0,1,Charlie,Taylor,b35319b3
19,2,6,1,0,1,0,1,1,1,Dana,Brown,a87cc785
19,3,5,1,0,1,0,1,1,1,Eli,Patel,266a7248
18,2,5,1,0,1,0,1,0,1,Alice,Smith,77e2dc8c
19,1,6,1,0,1,0,1,0,1,Bob,Jones,b6da3073
21,1,6,1,0,1,0,3,1,1,Charlie,Taylor,eb33ec3e
18,3,6,1,0,1,0,1,1,1,Dana,Brown,1ee31b6a
18,2,7,1,0,1,0,1,1,1,Eli,Patel,6198e3d9
19,1,6,1,1,0,0,1,0,1,Alice,Smith,ddd17aef
20,1,5,1,0,0,1,1,0,1,Bob,Jones,c026dd82
20,1,5,1,0,0,1,1,0,1,Charlie,Taylor,8109b585
18,6,7,1,0,1,1,1,0,1,Dana,Brown,1f5b6711
19,1,6,1,0,1,1,1,0,1,Eli,Patel,6e5c8b95
19,3,5,1,0,1,1,1,0,1,Alice,Smith,94fda862
20,2,6,1,0,1,1,1,0,1,Bob,Jones,6a5b7c1c
21,5,5,1,0,1,1,2,0,1,Charlie,Taylor,1824b30c
18,1,5,1,0,1,1,1,0,1,Dana,Brown,c5be41f0
20,1,6,1,0,1,1,1,0,1,Eli,Patel,2247c209
20,1,5,1,0,1,1,1,0,1,Alice,Smith,84af30a0
25,1,6,1,0,1,0,1,1,1,Bob,Jones,d889d0bc
28,1,6,1,0,0,1,4,0,1,Charlie,Taylor,f8363ff0
35,1,7,1,0,0,0,2,0,1,Dana,Brown,7f2a6131
27,1,8,1,0,0,0,1,0,1,Eli,Patel,5a48524b
31,1,5,0,0,0,0,1,1,1,Alice,Smith,5ab29024
47,1,5,0,0,0,1,2,0,1,Bob,Jones,ce1f803e
20,1,0,1,0,0,1,1,1,1,Charlie,Taylor,35f03f32
18,1,0,1,0,1,1,1,0,1,Dana,Brown,cc00ed55
39,1,6,1,0,0,0,4,0,1,Eli,Patel,1a5f78b0
30,1,5,1,1,0,1,1,0,1,Alice,Smith,1daba03c
41,1,6,0,0,0,0,2,0,1,Bob,Jones,6e5e894f
18,1,6,1,0,0,0,1,0,0,Charlie,Taylor,9b839585
18,1,5,1,1,1,1,1,0,1,Dana,Brown,53361820
20,1,7,1,0,0,1,1,0,1,Eli,Patel,6a8e73d5
21,1,6,1,0,1,0,1,0,1,Alice,Smith,1c3ff82e
20,1,6,1,1,1,0,1,0,0,Bob,Jones,04024b58
20,4,6,1,0,0,0,1,0,1,Charlie,Taylor,89d1d251
19,1,7,1,1,0,0,1,0,1,Dana,Brown,b70e1dbc
45,1,12,0,0,1,0,2,0,1,Eli,Patel,dcbd8373
28,1,5,0,0,0,0,1,0,1,Alice,Smith,9c149fd3
18,1,0,1,0,1,1,1,1,1,Bob,Jones,b45fe275
18,2,6,1,0,1,0,1,0,1,Charlie,Taylor,0e6f8c33
18,1,5,1,0,1,0,1,0,1,Dana,Brown,799b866f
21,2,5,1,0,1,1,1,0,1,Eli,Patel,9ee5543c
18,4,5,1,0,1,1,1,0,1,Alice,Smith,f924a5bb
19,1,5,1,0,1,1,1,0,1,Bob,Jones,a7049395
19,1,5,1,0,0,1,1,0,1,Charlie,Taylor,153754c3
22,2,7,1,0,1,1,1,0,1,Dana,Brown,5525a9f1
21,6,6,1,0,0,1,1,0,1,Eli,Patel,d7ee4be2
18,2,6,1,0,1,1,1,0,1,Alice,Smith,144ce02b
20,1,12,1,1,1,1,1,0,1,Bob,Jones,044582c9
18,1,6,1,0,1,1,1,0,1,Charlie,Taylor,cea38200
18,5,5,1,0,1,1,1,0,1,Dana,Brown,2d6ef3b5
54,1,13,0,0,0,1,1,0,1,Eli,Patel,e32e1576
19,1,8,1,0,0,0,1,0,1,Alice,Smith,6184bdda
27,1,5,0,0,0,0,1,0,1,Bob,Jones,1cf4b48d
20,2,5,1,0,0,0,1,0,1,Charlie,Taylor,6ce1f82d
20,1,0,1,0,1,0,1,0,1,Dana,Brown,e0b2f414
19,1,6,1,0,1,0,1,0,1,Eli,Patel,9ed80d54
25,1,5,0,0,0,0,1,0,1,Alice,Smith,389b90ac
19,1,5,1,0,1,1,1,0,1,Bob,Jones,79f70db2
19,1,6,1,0,0,1,1,0,1,Charlie,Taylor,375a6228
20,1,0,1,0,1,1,1,0,1,Dana,Brown,00331c94
19,1,5,1,0,0,1,1,0,1,Eli,Patel,fcc6cf2e
18,1,5,1,0,0,1,1,0,1,Alice,Smith,10ba0357
19,4,5,1,0,1,1,1,0,1,Bob,Jones,7d446b08
31,1,6,0,0,0,0,1,0,1,Charlie,Taylor,6952bc6f
24,1,6,1,1,0,0,1,0,0,Dana,Brown,1a85c0d4
33,1,8,1,0,0,1,2,1,1,Eli,Patel,cd71275e
20,1,6,1,0,1,0,1,1,1,Alice,Smith,250d010b
44,1,11,0,0,0,1,2,0,1,Bob,Jones,b591fa6e
18,5,7,1,0,1,1,1,0,1,Charlie,Taylor,0da33e50
19,4,6,1,0,1,1,1,0,1,Dana,Brown,56af1bd5
21,1,9,1,0,1,1,1,0,1,Eli,Patel,df058e0c
20,2,6,1,0,1,1,1,0,1,Alice,Smith,355efe17
20,1,5,1,0,0,1,1,0,1,Bob,Jones,000d5f08
18,1,5,1,0,0,1,1,1,0,Charlie,Taylor,334864da
19,1,12,1,1,0,1,1,0,1,Dana,Brown,d774b7ea
26,1,8,1,0,0,1,1,0,0,Eli,Patel,b4f23bf0
32,1,7,1,1,0,1,1,0,1,Alice,Smith,e5e6ef4e
23,3,6,1,0,1,0,1,1,1,Bob,Jones,cf48a259
24,1,5,1,0,0,0,1,0,1,Charlie,Taylor,98eb59fb
25,1,6,1,0,1,1,1,0,1,Dana,Brown,80e3d52a
19,6,6,1,0,1,1,1,0,1,Eli,Patel,a4b2a745
21,1,6,1,0,0,1,1,0,1,Alice,Smith,5fbefab7
19,3,5,1,1,1,1,1,0,1,Bob,Jones,0241fdc5
25,1,5,1,0,0,1,1,0,1,Charlie,Taylor,db1af21f
21,1,7,1,0,1,0,1,0,1,Dana,Brown,6f2dc298
19,3,5,1,0,0,1,1,1,1,Eli,Patel,e179f8c2
18,5,5,1,0,0,1,1,1,0,Alice,Smith,6029f36d
24,1,6,1,1,0,1,1,0,1,Bob,Jones,2e1e533a
19,1,6,1,0,1,0,1,0,0,Charlie,Taylor,2d191357
19,3,7,1,0,1,0,1,1,1,Dana,Brown,c7909045
19,1,5,1,0,1,0,1,0,1,Eli,Patel,4bf434c1
21,1,5,1,0,1,0,1,0,1,Alice,Smith,410f677d
18,1,5,1,0,0,0,1,1,1,Bob,Jones,7caa385f
39,1,7,1,0,1,0,2,0,1,Charlie,Taylor,f593a894
20,2,5,1,1,1,1,1,0,1,Dana,Brown,960c9ba0
19,3,6,1,0,0,1,1,0,1,Eli,Patel,f662ebab
27,1,2,0,0,0,1,2,0,1,Alice,Smith,acdb5830
34,1,5,1,0,0,1,1,0,1,Bob,Jones,9b76f2d9
41,1,7,1,1,0,1,2,0,1,Charlie,Taylor,d1fde603
48,1,7,1,0,0,0,2,0,1,Dana,Brown,561560da
18,1,0,1,0,1,0,1,0,1,Eli,Patel,4c97c37b
19,1,6,1,0,1,0,1,0,1,Alice,Smith,2c57978b
21,1,6,1,0,0,0,1,0,1,Bob,Jones,bc53fe95
19,1,6,1,0,1,0,1,0,1,Charlie,Taylor,47824ef5
20,1,6,1,1,0,0,1,0,1,Dana,Brown,f0d89c91
20,1,6,1,0,1,0,1,0,1,Eli,Patel,ccde6f86
18,1,6,1,0,0,0,1,0,1,Alice,Smith,8256b5a3
18,1,6,1,0,0,0,1,1,0,Bob,Jones,a0ddf2dc
17,4,8,1,0,1,0,1,0,1,Charlie,Taylor,b0db5071
18,4,6,1,0,1,0,1,0,1,Dana,Brown,afae33d8
24,1,9,1,1,1,0,1,0,0,Eli,Patel,94bb18db
20,1,8,1,0,0,0,1,1,1,Alice,Smith,d7db0fdb
18,3,5,1,0,1,0,1,0,1,Bob,Jones,8b895c24
18,1,6,1,1,0,0,1,0,1,Charlie,Taylor,e7e24611
20,1,11,1,1,0,0,1,0,1,Dana,Brown,a0749660
19,4,7,1,0,1,0,1,0,1,Eli,Patel,55e3194c
20,1,6,1,0,0,0,1,0,1,Alice,Smith,8cf89a83
34,1,5,0,0,0,0,2,0,1,Bob,Jones,2d216874
18,5,6,1,0,1,0,1,0,1,Charlie,Taylor,3ebc7077
25,1,6,0,1,0,0,1,0,1,Dana,Brown,e333c932
21,1,6,1,0,1,0,1,0,1,Eli,Patel,1a7e61af
34,1,5,0,0,0,0,2,0,1,Alice,Smith,15a0b61e
17,2,0,1,0,1,1,1,0,1,Bob,Jones,47b46887
22,1,6,1,0,0,1,1,0,1,Charlie,Taylor,bab5b3c6
19,6,7,1,0,1,0,1,0,1,Dana,Brown,78c42a8e
20,1,6,1,0,0,0,1,0,1,Eli,Patel,b242cfc4
19,4,6,1,0,1,0,1,0,1,Alice,Smith,db78c4d1
21,3,5,1,0,1,0,5,0,1,Bob,Jones,6038077a
21,1,6,1,0,0,0,1,0,1,Charlie,Taylor,9c509cb6
18,1,7,1,0,0,0,1,1,1,Dana,Brown,af9d935b
18,1,6,1,0,1,0,1,0,1,Eli,Patel,41f33b23
18,1,5,1,0,1,0,1,0,1,Alice,Smith,a5aa293f
19,3,5,1,0,1,0,1,0,1,Bob,Jones,0bd526df
18,1,0,1,0,1,0,1,0,1,Charlie,Taylor,fa045cba
18,1,6,1,0,0,0,1,0,1,Dana,Brown,f44b2be5
18,5,7,1,0,1,0,1,0,1,Eli,Patel,b5008147
18,1,6,1,1,1,0,1,0,0,Alice,Smith,e29f29e5
21,1,6,1,0,1,0,1,0,1,Bob,Jones,27f3a896
18,2,0,1,0,1,0,1,0,1,Charlie,Taylor,7af6fff6
19,2,6,1,0,1,0,1,0,1,Dana,Brown,bd7d49ca
18,1,6,1,0,0,0,1,1,1,Eli,Patel,cc123cb4
18,1,0,1,0,1,1,1,1,1,Alice,Smith,29a895d9
18,1,5,1,0,0,1,1,0,1,Bob,Jones,4e41ea51
19,2,6,1,0,1,1,1,1,1,Charlie,Taylor,83eb124d
20,2,5,1,0,1,1,1,0,1,Dana,Brown,f5ec3115
19,1,6,1,0,1,1,1,0,1,Eli,Patel,389c617c
20,1,7,1,0,0,1,1,1,1,Alice,Smith,36897ed1
22,1,5,1,0,0,1,1,0,1,Bob,Jones,089a41b5
22,2,5,1,0,1,1,1,1,1,Charlie,Taylor,1ffb7736
19,1,5,1,0,0,1,1,0,1,Dana,Brown,47be0413
19,2,6,1,0,0,1,1,0,1,Eli,Patel,7dc20f5f
18,1,5,1,0,0,1,1,0,1,Alice,Smith,358e8e18
18,2,6,1,0,0,1,1,1,1,Bob,Jones,45b5e85f
19,1,6,1,0,0,1,1,0,1,Charlie,Taylor,d331c2e6
24,1,6,1,0,0,1,1,0,1,Dana,Brown,dd51498c
25,1,6,1,1,1,1,1,0,0,Eli,Patel,37040c13
37,1,5,0,0,0,1,2,0,1,Alice,Smith,923af699
19,1,5,1,0,0,1,1,0,1,Bob,Jones,4e54f870
19,1,7,1,0,0,1,1,1,1,Charlie,Taylor,a23af35e
21,2,8,1,0,0,1,1,1,1,Dana,Brown,8be3866c
20,1,7,1,0,0,1,1,0,1,Eli,Patel,5cd2c824
19,2,6,1,0,0,1,1,1,1,Alice,Smith,f9300336
42,1,6,1,0,1,1,1,0,1,Bob,Jones,fc88e2a8
21,1,6,1,0,0,1,1,0,0,Charlie,Taylor,9646f59f
19,1,6,1,0,1,1,1,0,1,Dana,Brown,fd5de93a
21,1,6,1,0,0,1,1,0,1,Eli,Patel,3c832069
20,1,6,1,0,0,1,1,0,1,Alice,Smith,d8942c8f
19,1,5,1,0,0,1,1,0,1,Bob,Jones,0215bdc0
23,1,7,1,0,0,1,1,0,1,Charlie,Taylor,96245df4
18,1,6,1,0,0,1,1,0,1,Dana,Brown,da079c35
22,1,5,1,1,0,1,1,1,1,Eli,Patel,7968d80d
19,5,5,1,0,1,1,1,0,1,Alice,Smith,cbbb67cb
22,3,6,1,0,1,1,1,1,1,Bob,Jones,ea252790
38,1,6,1,0,0,1,1,0,1,Charlie,Taylor,69287ef3
27,1,7,1,0,1,1,1,0,1,Dana,Brown,9b1446e0
19,1,5,1,0,1,1,1,0,1,Eli,Patel,7acfe16e
20,1,5,1,0,0,1,1,0,1,Alice,Smith,e1a60a72
18,4,5,1,0,1,1,1,0,1,Bob,Jones,7fa62caf
19,1,6,1,0,0,1,1,0,1,Charlie,Taylor,0384db9a
24,1,5,1,1,0,1,1,0,1,Dana,Brown,71d9e632
22,1,5,1,0,1,1,1,0,1,Eli,Patel,45cbaf5a
19,1,6,1,0,0,1,1,1,1,Alice,Smith,9762a768
23,1,17,1,1,1,1,1,0,1,Bob,Jones,0e92c8ff
29,1,6,1,0,1,1,1,0,0,Charlie,Taylor,5e63b1e6
20,1,6,1,0,0,1,1,0,1,Dana,Brown,3c12b5c7
22,3,0,1,0,1,1,1,0,1,Eli,Patel,4968bcdf
20,2,6,1,0,1,1,1,0,1,Alice,Smith,2907bcb0
24,1,5,1,0,1,1,1,0,1,Bob,Jones,a9e1a169
21,1,12,1,1,0,1,1,0,1,Charlie,Taylor,98a9c5c6
20,1,5,1,0,0,1,1,0,1,Dana,Brown,c0bd72fb
22,5,6,1,0,1,1,1,0,1,Eli,Patel,c3530b04
18,1,5,1,0,0,1,1,0,1,Alice,Smith,3d424e6c
22,1,6,1,0,1,1,1,0,1,Bob,Jones,5c88b31c
19,2,6,1,0,1,1,1,0,1,Charlie,Taylor,e96af004
43,2,5,0,0,0,0,2,0,1,Dana,Brown,e0935e1f
24,1,7,1,0,0,1,1,0,1,Eli,Patel,68799188
18,4,5,1,0,1,1,1,0,1,Alice,Smith,d8c12a93
21,1,5,1,0,0,1,2,0,1,Bob,Jones,fb9043dd
39,1,6,0,0,0,1,1,0,1,Charlie,Taylor,08159a5d
34,1,7,1,0,0,1,1,0,1,Dana,Brown,5dbe4aaf
18,1,0,1,1,0,1,1,0,0,Eli,Patel,585580a4
21,1,12,1,0,0,1,1,0,1,Alice,Smith,938a1365
27,1,5,1,0,0,1,1,0,1,Bob,Jones,2efee37a
18,1,5,1,0,1,1,1,0,1,Charlie,Taylor,bf14dadf
20,1,6,1,0,0,1,1,1,1,Dana,Brown,cfcf50cd
19,1,6,1,0,1,1,1,0,1,Eli,Patel,68d64951
23,1,6,1,0,1,1,1,0,1,Alice,Smith,89ae082f
22,1,0,1,0,1,1,1,0,1,Bob,Jones,583c6b16
20,6,5,1,0,1,1,1,0,1,Charlie,Taylor,4b384f9f
20,2,6,1,0,1,1,1,0,1,Dana,Brown,3bea4d56
19,2,5,1,0,0,1,1,0,1,Eli,Patel,83af0805
18,1,7,1,0,1,0,1,0,1,Alice,Smith,3296d924
20,4,5,1,0,1,1,1,0,1,Bob,Jones,fc99b06c
18,1,6,1,0,1,0,1,1,1,Charlie,Taylor,71178243
19,2,6,1,0,1,0,1,0,1,Dana,Brown,d14b1261
19,1,5,1,0,0,0,1,0,1,Eli,Patel,a592cd2a
19,1,6,1,0,0,0,1,0,1,Alice,Smith,a6195469
20,3,6,1,0,1,0,1,1,1,Bob,Jones,3e9a051c
18,4,5,1,1,1,1,1,0,1,Charlie,Taylor,a2f97b5b
18,1,5,1,0,1,1,1,0,1,Dana,Brown,0c40c60f
18,2,0,1,0,1,0,1,0,1,Eli,Patel,76cea1e8
19,1,5,1,0,0,0,1,0,1,Alice,Smith,312808dc
20,1,6,1,0,0,0,1,0,1,Bob,Jones,36baefb2
26,1,6,0,0,0,0,1,0,1,Charlie,Taylor,e341ad8e
41,1,5,1,1,0,0,1,0,1,Dana,Brown,1890a7f0
26,1,5,0,0,0,0,1,0,1,Eli,Patel,5384e00e
21,2,5,1,0,1,0,1,0,1,Alice,Smith,1d971cb4
24,4,5,1,0,1,0,1,0,1,Bob,Jones,276dc60f
18,4,6,1,0,1,0,1,0,1,Charlie,Taylor,7669a255
22,1,7,1,1,1,0,1,0,0,Dana,Brown,4f9141aa
23,1,5,1,0,1,0,1,0,1,Eli,Patel,247a11b8
21,3,5,1,0,1,0,1,0,1,Alice,Smith,c65058cb
18,3,6,1,0,1,0,1,0,1,Bob,Jones,f162fe89
22,1,6,1,0,1,0,1,0,1,Charlie,Taylor,01ff6cd9
29,1,10,1,0,0,0,1,0,1,Dana,Brown,663a4565
19,1,7,1,0,0,1,1,0,1,Eli,Patel,299753d8
18,1,5,1,0,0,1,1,1,1,Alice,Smith,5b4e6f91
28,9,5,0,0,0,1,1,0,1,Bob,Jones,9cb181bb
20,1,6,1,0,1,1,1,0,1,Charlie,Taylor,f0c279ab
26,1,7,1,0,0,1,1,0,1,Dana,Brown,e796392c
20,1,7,1,0,0,1,1,0,1,Eli,Patel,5997c05e
20,2,6,1,0,1,1,1,1,1,Alice,Smith,2de1a711
43,1,8,1,0,1,1,2,0,1,Bob,Jones,63da6c03
18,5,5,1,1,1,1,1,0,1,Charlie,Taylor,46b4b9fd
40,1,5,0,0,0,1,2,0,1,Dana,Brown,9401e1fe
27,1,6,1,0,0,1,1,0,1,Eli,Patel,ce7d03bc
26,1,6,1,1,1,1,1,0,1,Alice,Smith,75ad6463
20,2,5,1,0,1,1,1,0,1,Bob,Jones,fe664335
20,1,5,1,0,0,1,1,0,1,Charlie,Taylor,460a235d
20,1,5,1,1,1,1,1,0,1,Dana,Brown,e1ad2d6d
30,1,7,1,1,0,1,1,0,1,Eli,Patel,d235e675
21,1,6,1,1,0,1,1,0,0,Alice,Smith,f659298b
19,1,5,1,0,0,1,1,0,1,Bob,Jones,538a39c5
25,1,7,1,0,0,0,4,0,1,Charlie,Taylor,ee03bc4a
26,2,7,1,0,0,0,2,1,1,Dana,Brown,a64b7782
19,2,5,1,0,1,0,1,0,1,Eli,Patel,04ef7502
21,1,6,1,0,0,0,1,0,1,Alice,Smith,0c6654a7
21,1,5,1,0,1,0,1,0,1,Bob,Jones,eb7c8696
26,1,6,1,0,0,0,1,0,0,Charlie,Taylor,f3824449
20,1,8,1,0,1,0,1,0,1,Dana,Brown,31e84748
18,2,6,1,0,1,0,1,0,1,Eli,Patel,dcecec71
20,1,7,1,1,1,1,1,0,1,Alice,Smith,9fafa700
23,1,6,1,0,0,1,1,0,1,Bob,Jones,2d4ba6b1
20,1,6,1,0,0,1,1,0,1,Charlie,Taylor,00f39d00
45,1,9,0,0,0,0,1,0,1,Dana,Brown,1a74dcb5
26,1,6,0,0,1,0,1,1,1,Eli,Patel,e482b066
25,1,5,0,0,0,0,1,0,1,Alice,Smith,a943b589
19,1,8,1,0,1,1,1,0,1,Bob,Jones,bb2088ce
19,4,7,1,0,0,0,1,1,1,Charlie,Taylor,75597c51
18,2,0,1,0,1,0,1,1,1,Dana,Brown,22403454
19,2,5,1,0,1,0,1,0,1,Eli,Patel,87f9f533
23,1,6,1,0,1,0,1,0,1,Alice,Smith,d0cc5bf0
20,1,6,1,0,1,0,1,0,1,Bob,Jones,b52e1c74
19,3,5,1,0,1,1,1,0,1,Charlie,Taylor,35d0ccd2
29,1,5,0,0,0,1,4,0,1,Dana,Brown,e95c7057
18,1,6,1,0,1,0,1,0,1,Eli,Patel,8341b5db
19,3,7,1,0,1,0,1,0,1,Alice,Smith,2d180f7a
19,1,5,1,0,0,0,1,1,1,Bob,Jones,e569a63c
18,1,6,1,0,1,0,1,0,1,Charlie,Taylor,28fd56f2
19,1,6,1,0,1,0,1,1,1,Dana,Brown,c6565587
19,5,7,1,0,1,0,1,0,1,Eli,Patel,6a41a757
18,2,6,1,0,1,0,1,0,1,Alice,Smith,47931d25
18,3,5,1,0,1,0,1,0,1,Bob,Jones,7fe5be74
34,1,6,1,1,0,0,2,0,0,Charlie,Taylor,c10f53dc
22,2,5,1,0,0,0,1,0,1,Dana,Brown,f782ea6c
50,2,5,1,0,0,0,2,0,1,Eli,Patel,6fa07d1e
25,1,6,1,0,0,0,1,1,1,Alice,Smith,33e1bdc6
50,1,5,0,0,0,0,2,0,1,Bob,Jones,85c02aa2
48,1,6,0,0,1,0,4,0,1,Charlie,Taylor,76083d57
41,1,5,1,0,0,0,2,0,1,Dana,Brown,b78546ed
28,1,10,0,0,0,0,2,0,1,Eli,Patel,8a612b57
53,1,15,1,0,0,0,1,0,1,Alice,Smith,13333af6
49,1,6,0,0,0,0,1,0,1,Bob,Jones,4ba95c4a
22,1,10,1,0,1,0,1,0,1,Charlie,Taylor,c5d130aa
40,1,5,0,0,0,0,1,0,1,Dana,Brown,dc4692ed
36,1,12,0,0,0,0,2,0,1,Eli,Patel,da21aae8
48,1,6,0,0,0,0,6,1,1,Alice,Smith,7cd82575
34,1,6,0,0,0,0,1,0,1,Bob,Jones,a6d52049
19,3,8,1,0,1,0,1,0,1,Charlie,Taylor,567b6412
34,1,5,0,0,0,0,2,0,1,Dana,Brown,0bcb45a1
28,2,7,1,0,1,0,2,0,1,Eli,Patel,9a28e684
35,2,5,1,0,0,0,2,0,1,Alice,Smith,7dba2b4b
18,4,8,1,0,1,0,1,0,1,Bob,Jones,bab20ced
18,1,5,1,0,0,0,1,0,1,Charlie,Taylor,fd994153
20,2,6,1,0,1,0,1,0,1,Dana,Brown,34e354e1
18,2,6,1,0,1,0,1,0,1,Eli,Patel,360589be
20,1,5,1,0,0,0,1,0,1,Alice,Smith,418b6c47
24,1,8,1,0,0,0,1,0,1,Bob,Jones,ba61407b
19,5,5,1,0,1,0,1,1,1,Charlie,Taylor,0e599af0
18,4,6,1,0,1,0,1,0,1,Dana,Brown,481bb8c3
18,5,7,1,0,1,0,1,0,1,Eli,Patel,ff5f97d6
19,1,5,1,0,0,0,1,0,1,Alice,Smith,27e1cbdb
19,1,5,1,0,1,0,1,0,1,Bob,Jones,cfc0aa68
19,2,6,1,0,0,0,1,0,1,Charlie,Taylor,099e0a8e
19,3,7,1,0,1,0,1,0,1,Dana,Brown,70fe405c
20,3,6,1,0,1,1,1,1,1,Eli,Patel,5114d4f2
33,1,5,1,0,1,1,1,0,1,Alice,Smith,8cb049b4
20,1,6,1,0,1,1,1,0,1,Bob,Jones,5d32e15b
27,1,5,1,1,0,1,1,0,0,Charlie,Taylor,9339e28e
33,1,8,1,0,0,0,2,0,1,Dana,Brown,d22bf689
20,1,6,1,0,1,0,1,1,1,Eli,Patel,d2fecbd8
19,1,6,1,0,1,0,1,0,1,Alice,Smith,8b541317
18,5,6,1,0,1,0,1,0,1,Bob,Jones,edd2306c
19,1,6,1,0,1,0,1,0,1,Charlie,Taylor,b544542f
21,1,5,1,0,1,0,1,0,1,Dana,Brown,cdb5c1f7
19,5,5,1,0,1,0,1,1,1,Eli,Patel,f73ecdea
21,1,6,1,0,1,0,1,0,1,Alice,Smith,3cf187db
21,6,7,1,0,1,0,1,0,1,Bob,Jones,dc929f4a
18,1,7,1,0,1,0,1,0,1,Charlie,Taylor,bfb6248b
19,1,6,1,0,1,0,1,1,1,Dana,Brown,27bec56c
20,5,7,1,0,0,0,1,0,1,Eli,Patel,a0d054e7
20,3,5,1,0,0,0,1,0,1,Alice,Smith,ff9112ba
20,1,5,1,0,1,0,1,0,1,Bob,Jones,cd01e93c
18,5,7,1,0,1,0,1,0,1,Charlie,Taylor,04df04a0
18,2,5,1,0,0,0,1,0,1,Dana,Brown,ae81dacd
21,1,6,1,0,1,1,1,0,1,Eli,Patel,ed9b7818
20,1,6,1,0,1,1,1,1,1,Alice,Smith,5acce709
19,5,6,1,0,1,0,1,1,1,Bob,Jones,2c75859e
19,1,7,1,0,1,1,1,1,1,Charlie,Taylor,fa3d36fc
28,1,5,1,0,1,1,1,0,1,Dana,Brown,31501140
21,2,5,1,0,0,1,1,0,1,Eli,Patel,50728795
24,1,10,0,1,0,1,1,0,1,Alice,Smith,64242257
23,1,6,1,0,1,1,1,0,1,Bob,Jones,d5c48d53
20,1,6,1,0,1,1,1,0,1,Charlie,Taylor,afe064f6
18,1,0,1,0,1,1,1,0,1,Dana,Brown,db1ed537
23,1,13,0,0,0,0,1,0,1,Eli,Patel,b63825e1
23,1,6,1,0,1,0,1,0,1,Alice,Smith,edd8e063
39,1,5,1,0,0,0,2,0,1,Bob,Jones,58eea615
22,1,5,1,0,1,0,1,0,1,Charlie,Taylor,6b79d60a
30,1,5,0,0,0,0,4,0,1,Dana,Brown,3b284837
35,1,5,0,0,0,0,2,1,1,Eli,Patel,a1f5ae6d
26,1,7,1,0,1,0,1,0,1,Alice,Smith,29dc3218
30,1,11,1,0,0,0,2,0,1,Bob,Jones,034114d7
25,1,5,0,1,0,1,2,0,1,Charlie,Taylor,076659e2
18,3,8,1,0,1,0,1,0,1,Dana,Brown,74303c0d
23,1,7,1,0,0,0,1,0,1,Eli,Patel,1a605b25
18,2,7,1,0,1,0,1,1,1,Alice,Smith,8c665190
31,1,6,1,1,0,0,1,0,1,Bob,Jones,3d39a21b
20,1,6,1,0,0,1,1,0,1,Charlie,Taylor,ee9e44e6
19,1,10,1,0,0,1,1,0,1,Dana,Brown,4aa5a84b
34,1,5,1,1,0,1,5,1,1,Eli,Patel,5c7a9aaa
21,1,5,1,0,0,1,1,0,1,Alice,Smith,6d7a98de
21,4,6,1,0,1,1,1,0,1,Bob,Jones,e3de8dcb
24,1,6,1,0,0,1,1,0,1,Charlie,Taylor,a9b69c35
20,1,6,1,1,0,1,1,0,0,Dana,Brown,a36e7e43
19,1,5,1,0,0,1,1,0,1,Eli,Patel,fb0e5f2b
26,1,6,0,0,1,1,1,0,1,Alice,Smith,5bc9e5c4
20,1,5,1,0,0,1,1,0,1,Bob,Jones,a2a83351
21,1,5,1,0,1,0,1,0,1,Charlie,Taylor,fb2676a7
26,1,5,0,0,0,1,1,0,1,Dana,Brown,ce84b2fd
19,6,8,1,0,1,0,1,1,1,Eli,Patel,457f2f21
19,1,5,1,0,0,0,2,0,1,Alice,Smith,9dc456d7
19,1,5,1,0,1,0,1,0,1,Bob,Jones,a2352828
21,1,6,1,0,0,0,1,1,1,Charlie,Taylor,fb514a62
19,2,5,1,0,1,0,1,0,1,Dana,Brown,98e68680
18,1,5,1,0,0,0,1,0,1,Eli,Patel,a6e79220
20,1,6,1,0,0,0,1,0,1,Alice,Smith,f3f3f6e9
32,1,5,0,0,0,0,2,0,1,Bob,Jones,12f8edc3
19,3,6,1,0,1,0,1,0,1,Charlie,Taylor,8b54ee90
19,1,6,1,0,1,0,1,0,1,Dana,Brown,2dec3ee2
18,1,5,1,0,0,0,1,0,1,Eli,Patel,0105380e
20,6,7,1,0,1,0,1,0,1,Alice,Smith,7130df3a
19,1,6,1,0,0,0,1,0,1,Bob,Jones,552600d1
24,1,5,1,0,1,0,1,0,1,Charlie,Taylor,57a0074b
29,1,13,0,0,1,0,1,0,1,Dana,Brown,83e5e362
19,1,7,1,0,0,0,1,0,1,Eli,Patel,ea8fb9c6
19,1,6,1,0,0,0,1,0,1,Alice,Smith,5f918a48
24,1,5,0,0,0,0,1,0,1,Bob,Jones,93676845
28,1,7,1,1,0,0,1,0,1,Charlie,Taylor,cfff1429
38,1,8,1,0,0,0,4,0,1,Dana,Brown,7eb5cd26
19,1,6,1,0,1,0,1,0,1,Eli,Patel,71b122ee
20,1,5,1,0,1,0,1,0,1,Alice,Smith,0065b225
29,1,5,0,0,0,0,1,0,1,Bob,Jones,6fc7b75d
19,5,8,1,0,1,0,1,1,1,Charlie,Taylor,7f6e4ed5
28,1,8,1,1,0,1,1,0,1,Dana,Brown,b1c622a7
27,1,6,1,0,0,1,1,0,1,Eli,Patel,e3e6c838
18,1,5,1,0,1,1,1,1,1,Alice,Smith,b57f5f67
20,1,6,1,0,0,1,1,0,1,Bob,Jones,b701df69
23,1,6,1,0,1,1,1,0,1,Charlie,Taylor,83edef59
21,4,5,1,0,0,1,1,0,1,Dana,Brown,8402e1ec
34,1,5,0,0,0,1,2,0,1,Eli,Patel,177faa4e
20,1,7,1,0,0,1,1,0,1,Alice,Smith,60c1f39d
24,1,9,1,0,1,1,1,0,1,Bob,Jones,d86a81c4
39,1,5,0,0,0,1,1,0,1,Charlie,Taylor,eb563d74
19,1,6,1,0,0,1,1,0,0,Dana,Brown,b11ffe39
38,1,5,0,0,0,1,1,0,1,Eli,Patel,dfe21795
21,1,7,1,0,1,1,1,0,1,Alice,Smith,3f438d81
19,1,6,1,1,0,1,1,0,1,Bob,Jones,5194d748
25,1,6,1,0,1,1,1,0,1,Charlie,Taylor,4224ec3f
19,4,6,1,0,1,1,1,0,1,Dana,Brown,14843f21
33,1,7,1,0,0,1,2,0,1,Eli,Patel,332d7ff1
18,2,5,1,0,1,1,1,0,1,Alice,Smith,65382fad
19,6,5,1,1,1,1,1,0,0,Bob,Jones,290c523d
19,3,5,1,0,1,1,1,0,1,Charlie,Taylor,7c5d8e63
18,3,8,1,0,1,1,1,0,1,Dana,Brown,458dfa91
19,1,5,1,0,0,1,1,0,1,Eli,Patel,7ba695d4
22,1,6,1,0,0,1,1,0,1,Alice,Smith,2c98df70
18,3,5,1,0,1,1,1,0,1,Bob,Jones,372eb5cb
22,1,0,1,0,0,1,1,0,1,Charlie,Taylor,f5781c7b
19,1,0,1,1,0,1,1,0,1,Dana,Brown,2df31267
19,1,5,1,0,1,1,1,0,1,Eli,Patel,5ecf124b
24,1,8,1,1,0,1,1,0,1,Alice,Smith,45d9a783
18,1,5,1,0,0,1,1,1,0,Bob,Jones,ad10f265
20,1,6,1,0,0,0,1,0,1,Charlie,Taylor,a6908072
18,6,6,1,0,1,0,1,1,1,Dana,Brown,bde9f4cb
21,1,6,1,1,1,0,1,0,1,Eli,Patel,0f38a801
33,1,7,1,1,0,0,4,0,0,Alice,Smith,84d4f748
26,1,6,1,0,1,0,1,0,1,Bob,Jones,de9abb42
21,1,6,1,0,0,0,1,0,1,Charlie,Taylor,bdafecf4
20,1,6,1,0,1,0,1,0,1,Dana,Brown,923fcac8
20,1,5,1,0,0,0,1,0,1,Eli,Patel,d15e71eb
43,1,6,1,0,0,1,1,0,1,Alice,Smith,c523d0a6
26,1,5,1,0,0,1,5,0,1,Bob,Jones,172483c8
33,1,5,1,0,1,1,1,0,1,Charlie,Taylor,1343b656
19,1,6,1,0,0,1,1,0,1,Dana,Brown,668417be
18,3,6,1,0,1,1,1,0,1,Eli,Patel,28da7dd5
21,1,5,1,1,0,1,1,1,1,Alice,Smith,4ebf0a19
20,2,5,1,0,1,1,1,0,1,Bob,Jones,8a7b21a5
19,1,6,1,0,0,1,1,0,1,Charlie,Taylor,b8bf43d1
24,1,5,1,0,0,1,1,1,1,Dana,Brown,c5d0d376
21,1,6,1,0,0,1,1,0,1,Eli,Patel,e8fa5476
28,1,5,1,0,0,1,1,1,1,Alice,Smith,6a7e32c8
28,1,6,1,0,0,0,1,0,1,Bob,Jones,7b48c022
20,1,6,1,0,1,0,1,0,1,Charlie,Taylor,78963964
23,3,6,1,0,1,0,1,0,1,Dana,Brown,09f62eaf
23,1,6,1,0,1,0,1,0,1,Eli,Patel,23ca0f5b
25,1,7,1,0,0,0,1,0,1,Alice,Smith,bb681efe
19,2,7,1,0,1,0,1,1,1,Bob,Jones,26b3c118
20,1,6,1,0,0,1,1,1,1,Charlie,Taylor,9aa298f3
19,1,6,1,0,0,1,1,0,1,Dana,Brown,e255ba92
18,1,7,1,0,1,0,1,1,1,Eli,Patel,f0cd4597
18,3,7,1,0,1,0,1,0,1,Alice,Smith,f3394902
22,1,6,1,0,1,1,1,0,1,Bob,Jones,44466444
18,1,5,1,0,1,1,1,0,1,Charlie,Taylor,3005b0cb
19,1,6,1,0,1,1,1,0,1,Dana,Brown,52926ac5
34,1,12,1,0,1,1,1,0,1,Eli,Patel,574b1a70
19,1,6,1,0,0,1,1,1,1,Alice,Smith,573b72e5
20,1,6,1,0,0,1,1,0,1,Bob,Jones,ac7f8dbe
20,1,6,1,0,1,0,1,1,1,Charlie,Taylor,5bbc0428
19,1,6,1,0,0,0,1,1,1,Dana,Brown,782cb983
21,1,7,1,1,1,0,1,0,1,Eli,Patel,7b5d9e6d
18,4,6,1,0,1,0,1,0,1,Alice,Smith,33129c43
21,6,7,1,0,1,0,1,0,1,Bob,Jones,63e66d31
22,5,6,1,0,1,1,1,0,1,Charlie,Taylor,cd5e578a
33,1,8,1,0,0,0,2,0,1,Dana,Brown,665bdaaf
20,3,6,1,0,1,0,1,1,1,Eli,Patel,0b0e1e6c
35,1,5,1,0,0,0,2,0,1,Alice,Smith,a52ff5d1
22,1,6,1,0,1,0,1,0,1,Bob,Jones,8251a643
20,1,6,1,0,1,0,1,0,1,Charlie,Taylor,b47ea93b
20,1,5,1,0,1,0,1,0,1,Dana,Brown,98b29ae1
21,1,12,1,1,1,1,1,0,1,Eli,Patel,f288e082
23,1,5,1,0,1,1,1,0,1,Alice,Smith,5614b0f3
24,1,6,1,0,1,0,1,0,1,Bob,Jones,bc054c8f
19,1,5,1,1,0,0,1,0,1,Charlie,Taylor,a8eb8c75
19,1,6,1,0,0,0,1,0,1,Dana,Brown,cae3effe
22,3,6,1,0,1,0,1,0,1,Eli,Patel,8ee3d19c
36,1,5,1,0,0,0,2,0,1,Alice,Smith,2b9d0299
20,1,7,1,0,0,0,1,1,1,Bob,Jones,a337defb
40,1,6,1,0,0,0,4,0,1,Charlie,Taylor,ec6eef9a
19,1,5,1,0,1,0,1,0,1,Dana,Brown,a3b2de93
20,1,7,1,0,0,0,1,0,1,Eli,Patel,85265c92
38,1,5,0,0,0,0,4,1,1,Alice,Smith,628addfd
19,1,12,1,0,1,1,1,1,1,Bob,Jones,3835cb5a
21,1,6,1,0,1,0,1,1,1,Charlie,Taylor,68ca2698
18,2,8,1,0,1,0,1,0,1,Dana,Brown,649eb9f8
19,1,6,1,0,0,0,1,0,1,Eli,Patel,41da2582
22,1,6,1,0,0,0,1,0,1,Alice,Smith,23cfbcf6
22,1,17,1,1,1,0,1,0,1,Bob,Jones,affa6832
20,1,6,0,0,0,0,1,0,1,Charlie,Taylor,c2a1435a
31,1,6,1,0,0,0,2,0,1,Dana,Brown,5383112a
18,2,6,1,0,1,0,1,1,1,Eli,Patel,99cd5533
21,1,5,1,1,0,0,1,0,1,Alice,Smith,f76ee3f7
19,3,6,1,0,1,0,1,0,1,Bob,Jones,ae88802d
25,1,8,1,0,1,0,1,1,1,Charlie,Taylor,52db8a4b
33,1,10,0,0,0,0,2,0,1,Dana,Brown,8164f02e
20,1,7,1,0,1,0,1,0,1,Eli,Patel,5b7986ed
19,2,5,1,0,1,0,1,0,1,Alice,Smith,6bf80ff5
20,3,6,1,0,1,0,1,0,1,Bob,Jones,52494291
18,1,6,1,0,1,0,1,0,0,Charlie,Taylor,e2e04127
19,1,5,1,0,1,0,1,1,1,Dana,Brown,1831b9f8
24,1,8,1,0,1,0,1,1,1,Eli,Patel,cd6e0586
19,3,5,1,0,0,0,1,0,1,Alice,Smith,70f66d06
21,1,12,1,0,1,0,1,0,1,Bob,Jones,0241ffc0
18,1,6,1,0,0,0,1,0,1,Charlie,Taylor,b0c8df93
24,1,7,1,0,0,0,1,0,1,Dana,Brown,98d781f7
22,1,7,1,0,1,0,1,0,1,Eli,Patel,3c24a1bd
44,1,6,1,0,0,0,4,1,0,Alice,Smith,c57c1c03
20,1,5,1,0,1,0,1,0,1,Bob,Jones,861fb00b
19,1,0,1,1,1,0,1,0,1,Charlie,Taylor,7fa6dcd4
18,3,8,1,0,1,0,1,1,1,Dana,Brown,42b25e70
18,2,6,1,0,1,0,1,0,0,Eli,Patel,b4919bb7
21,1,5,0,0,0,0,1,1,1,Alice,Smith,0f008389
20,5,6,1,0,1,0,1,0,1,Bob,Jones,f64373ae
18,1,6,1,0,1,0,1,1,1,Charlie,Taylor,192477de
18,2,5,1,0,1,0,1,0,1,Dana,Brown,98f2a2c6
27,1,6,1,1,1,0,1,0,1,Eli,Patel,e8f16202
18,1,6,1,1,1,0,1,0,1,Alice,Smith,ee06a09e
20,1,5,0,0,1,0,1,0,1,Bob,Jones,82084f34
19,2,5,1,0,1,0,1,0,1,Charlie,Taylor,cf8d6280
20,1,6,1,0,1,0,1,0,1,Dana,Brown,60737e11
22,2,6,1,0,1,0,1,0,1,Eli,Patel,02b5f666
22,1,6,1,0,1,0,1,0,1,Alice,Smith,df212c6e
20,1,0,1,0,1,0,1,0,1,Bob,Jones,54b3beaa
18,3,6,1,0,0,0,1,0,1,Charlie,Taylor,aab2a335
45,1,6,0,0,0,0,2,0,1,Dana,Brown,337375b6
25,1,5,0,1,0,0,1,0,1,Eli,Patel,a4848fde
20,2,5,1,0,1,1,1,0,1,Alice,Smith,eb4b4713
22,3,6,1,0,1,1,1,0,1,Bob,Jones,8f111dfb
20,4,7,1,0,1,1,1,0,1,Charlie,Taylor,f70b499f
18,1,6,1,0,1,0,1,0,1,Dana,Brown,390c1940
21,5,5,1,0,0,0,1,0,1,Eli,Patel,7729d55a
21,1,0,1,0,0,1,1,0,1,Alice,Smith,f35dc771
18,2,6,1,0,1,1,1,0,1,Bob,Jones,62e636f6
18,2,5,1,0,0,1,1,0,1,Charlie,Taylor,639f3537
25,1,6,1,0,1,1,1,0,1,Dana,Brown,ab68b0d6
18,1,5,1,0,1,1,1,0,1,Eli,Patel,31838c35
21,1,6,1,0,1,1,1,0,1,Alice,Smith,4a42012b
24,2,7,1,0,0,1,1,1,1,Bob,Jones,41916843
22,5,5,1,0,0,1,1,0,1,Charlie,Taylor,bbec527f
28,1,13,1,0,1,1,1,0,1,Dana,Brown,d754104b
18,6,5,1,0,1,1,1,0,1,Eli,Patel,b3ff2477
21,1,5,1,1,0,1,1,0,1,Alice,Smith,fe9f3655
28,1,5,0,0,0,0,4,0,1,Bob,Jones,0b86a8e7
21,1,5,1,0,1,0,1,0,1,Charlie,Taylor,c85d03ef
20,2,6,1,0,1,0,1,0,1,Dana,Brown,d8ef4a53
18,1,5,1,0,0,0,1,1,1,Eli,Patel,678520be
18,2,7,1,0,1,0,1,0,1,Alice,Smith,d30bb7e7
30,1,5,0,0,0,0,4,0,1,Bob,Jones,952075f0
18,1,6,1,0,1,0,1,0,1,Charlie,Taylor,5178f333
18,1,7,1,0,1,1,1,0,1,Dana,Brown,d5bdf858
19,1,6,1,0,0,0,1,0,1,Eli,Patel,3223e846
20,2,6,1,0,0,0,1,0,1,Alice,Smith,987a7dc0
32,1,7,1,0,0,0,2,0,1,Bob,Jones,a1f6c2d2
18,1,5,1,0,0,0,1,0,1,Charlie,Taylor,cacf3484
21,4,6,1,0,1,0,1,0,1,Dana,Brown,2266dd58
18,2,6,1,0,1,1,1,0,1,Eli,Patel,013d3810
20,1,6,1,0,1,1,1,0,1,Alice,Smith,ce5be70b
19,1,6,1,0,1,1,1,1,1,Bob,Jones,4ac4e017
25,1,10,1,0,1,1,1,0,1,Charlie,Taylor,c7bc79fa
