student_number,first_name,last_name,age_at_enrollment,application_order,curricular_units_1st_sem_enrolled,daytime_evening_attendance,debtor,displaced,gender,marital_status,scholarship_holder,tuition_fees_up_to_date
e83659ec,Dakota,Deleon,18,1,6,1,0,1,0,1,0,1
0bbf70bb,David,Robertson,18,1,7,1,0,1,0,1,0,1
1b6649f4,Jonathon,Sanchez,20,4,7,1,0,1,0,1,0,1
d8fa4f26,Janice,Gray,18,1,6,1,1,1,0,1,1,1
098d5675,Jeremy,Mullins,18,1,5,1,0,1,0,1,0,1
6aae4b35,Ashley,Smith,19,2,7,1,0,1,1,1,0,1
0f17ce51,Isabella,Ayers,21,1,6,1,0,0,1,1,0,1
0f7c0501,Sarah,James,18,1,5,1,0,0,1,1,0,0
e096c1b5,Natalie,Martin,24,1,5,0,0,0,0,1,0,1
cfeb61ae,Scott,Coleman,19,1,8,1,0,1,0,1,1,1
35031e5d,Adam,Delgado,20,1,6,1,0,1,0,1,1,1
ac24b0d5,Craig,Berg,18,3,0,1,0,1,0,1,0,1
9fbfef41,Stacey,Stevens,19,3,0,1,0,1,1,1,1,1
42290c46,Lisa,Garrison,19,1,6,1,0,1,1,1,0,1
1943a147,Scott,Mckenzie,24,1,6,1,0,0,1,1,0,1
ef157da5,Shane,Carpenter,26,1,6,1,0,0,1,1,0,1
fb02a504,David,Bass,18,1,5,1,0,0,1,1,0,1
da0f3b30,Alexander,Robbins,18,1,5,1,0,0,1,1,0,1
d3b6903f,Arthur,Baker,23,6,5,1,0,1,1,1,0,1
7b4006f2,Cynthia,Simon,18,2,5,1,1,1,1,1,0,1
9975138c,Michelle,Booth,19,1,5,1,0,1,1,1,0,1
c4eb78ed,Stacey,Hall,19,1,5,1,0,1,0,1,0,1
dfabdce7,Savannah,Smith,20,2,7,1,0,1,0,1,0,1
8cdd3a66,Amy,Flores,18,2,5,1,0,1,0,1,1,1
602063d7,Taylor,Garcia,20,1,7,1,0,0,0,1,0,1
00f07575,Stephanie,Ramsey,20,1,6,1,0,1,0,1,1,1
efde4d25,Joseph,Kane,20,1,5,1,0,0,0,1,0,1
3b0e899f,Melissa,Bird,18,1,6,1,0,1,0,1,1,1
791c1fd8,Pedro,Marshall,20,2,7,1,0,0,0,1,1,1
7e2d5472,Meagan,Cook,22,1,5,1,1,1,0,1,0,0
24d40254,Melanie,Warren,18,1,0,1,0,1,0,1,0,1
f06d4b31,Amanda,Olson,18,1,6,1,0,1,0,1,0,1
f42cebdf,Patrick,Melendez,47,1,1,1,1,0,0,3,0,1
c51c00d5,Monica,Clark,28,1,5,1,0,1,0,1,0,1
6f204ea4,Anita,Anderson,18,1,5,1,0,1,0,1,1,1
f7aa15a6,Martin,Carr,26,1,6,0,0,0,0,1,1,1
71e430af,Michelle,Morton,21,1,10,1,1,0,0,1,0,0
f1a0cb89,Rebecca,Howard,23,1,6,0,0,0,0,1,0,1
24792d49,James,Stewart,35,1,3,1,0,0,0,1,0,1
5d131ef7,Joshua,King,25,1,7,1,0,0,0,1,0,1
057a53af,Andrea,Holland,19,3,7,1,0,1,0,1,0,1
182c2da3,Elizabeth,Soto,24,1,17,1,0,1,0,1,0,1
663710eb,Heidi,Gonzalez,19,3,6,1,0,1,0,1,0,1
7d5a73f4,Pamela,Schmidt,18,1,6,1,0,1,0,1,0,1
13999cdb,Jeffrey,Watkins,18,3,6,1,0,0,0,1,0,1
f4bde81e,Robert,Moore,18,1,7,1,0,0,0,1,1,1
98c3ddea,John,Carroll,18,1,6,1,0,0,0,1,0,1
e68c3e31,Kelly,Rodgers,24,1,6,1,0,0,0,1,0,1
37e05aef,Courtney,Costa,19,1,6,1,0,1,0,1,0,1
aca76c4a,Eric,Jenkins,20,1,7,1,0,0,0,1,0,1
d2a66264,Keith,Stephenson,19,3,5,1,0,1,0,1,0,1
d09877e7,Cody,Gallagher,18,1,6,1,0,1,0,1,0,1
947343af,Barbara,Harris,18,1,5,1,0,1,0,1,0,1
f00147b4,Melissa,Stevens,18,1,7,1,0,1,0,1,0,1
ddbd5bc6,Brandy,Graham,19,1,5,1,0,1,0,1,0,1
8db3e900,Tracy,Smith,26,1,5,1,0,1,0,1,0,1
201eddaa,Patricia,Cruz,36,1,16,1,0,0,0,1,0,1
750ce506,Tyler,Andrade,20,2,6,0,0,0,0,1,0,1
bf41f5a7,Carlos,Miller,30,1,6,1,1,0,0,1,1,1
6ccf442e,Brian,Hester,20,4,5,1,0,1,0,1,0,1
c67e7e16,Trevor,Savage,19,4,7,1,0,1,0,1,0,1
3acfa9e6,Jason,Carter,19,1,5,1,0,0,0,1,0,1
38bcf479,Lisa,Bonilla,31,1,5,0,0,0,0,4,1,1
1d1ca3a3,Kimberly,James,42,1,11,0,1,0,0,2,0,1
b60ab70f,Jennifer,Bryan,18,1,7,1,0,1,0,1,1,0
b6545a5f,Jose,Roy,21,1,6,1,0,1,0,1,0,1
4909d94e,Laura,Duncan,20,1,7,1,0,0,0,1,0,1
f1365649,Danielle,Porter,19,1,6,1,0,0,0,1,0,1
65980858,James,Johnson,22,1,6,1,0,1,0,1,0,1
be85d9a5,Michele,Chapman,21,1,6,1,0,1,0,1,0,1
9e8c9198,Cassandra,Henson,26,1,7,1,0,0,0,1,0,1
f80e4f3d,Connie,Ortiz,18,4,6,1,0,0,0,1,1,1
2b748a9e,Rick,Hoffman,20,1,6,1,0,1,0,1,0,1
3e6be703,Ronnie,Dickson,19,1,6,1,0,1,0,1,0,1
53ea79ee,Brianna,Buchanan,19,1,6,1,0,0,0,1,0,1
65ad8bb8,Justin,Navarro,20,1,5,1,0,1,0,1,0,1
66a2d4c0,Leah,Jones,20,1,6,1,0,0,0,1,1,1
b80f5389,Allison,Whitney,18,1,2,1,0,0,0,1,0,1
0b7f9f65,Leah,Allen,18,1,5,1,1,1,0,1,0,1
3e0869e7,Justin,Lewis,20,3,6,1,0,1,0,1,1,1
37b6bb76,Emily,Page,19,3,5,1,0,1,0,1,0,1
c8ed9c50,Daniel,Sandoval,20,1,6,1,0,0,0,1,0,1
20dbb86a,Jacob,Patterson,20,1,6,1,0,1,0,1,0,1
9206ac68,Robert,Moore,21,1,6,1,0,1,0,1,1,1
308ab388,Michael,Wright,20,1,6,1,0,0,0,1,0,1
dd3b82c9,Katie,Mitchell,22,1,6,1,1,1,0,1,0,1
d1a38f8f,Heather,Cohen,18,1,7,1,0,1,0,1,0,1
9980199a,Savannah,Jones,20,3,5,1,0,1,0,1,0,1
efba8b44,Sherry,Brown,18,1,6,1,0,0,0,1,0,0
28568c26,Crystal,Snyder,27,1,7,1,0,0,0,1,0,1
e931a6b1,Jerome,Stevens,26,1,7,1,0,0,0,1,0,1
58295814,Anthony,Vazquez,18,2,6,1,0,1,0,1,0,1
5e148da0,Catherine,Willis,24,1,5,1,0,1,1,1,0,1
33f0e761,Jason,Rodriguez,19,1,5,1,0,0,1,1,1,1
257337a3,Rachel,Snyder,20,1,5,1,0,0,1,1,0,1
b5597636,Kimberly,Rodriguez,18,2,5,1,0,1,1,1,1,1
1ede7b43,Roy,Gillespie,20,2,5,1,0,0,1,1,0,1
91c1eb57,Sarah,Foster,25,1,5,1,0,0,1,1,0,1
d2e2e929,Theresa,Tran,22,1,6,1,1,0,1,1,0,1
fcf39f23,Veronica,Wilson,18,1,8,1,0,0,1,1,0,1
e787414c,Heather,Sullivan,20,1,5,1,0,1,1,1,0,1
b90db102,Carl,Gentry,23,1,6,1,1,1,1,1,0,1
4bc65007,Brandi,Simpson,20,1,5,1,0,1,1,1,0,1
3cdb3f2e,Jessica,Mays,20,6,5,1,0,0,1,1,0,1
9c656270,Donald,Ferrell,28,2,5,0,0,1,0,1,1,1
63e639a8,Jonathan,Berry,19,1,6,1,0,1,0,1,0,1
d5b4afdb,Tyler,Hess,19,1,7,1,0,0,0,1,0,1
ea9687f7,Kenneth,Brown,20,1,6,1,0,1,0,1,0,1
d6d5a415,Courtney,Gonzalez,20,1,6,1,1,0,0,1,0,1
da8d71e8,Kristin,Matthews,18,3,7,1,0,1,0,1,1,1
60b45669,Molly,Richardson,20,3,5,1,0,0,0,1,0,1
74bb4afa,Samantha,Cooper,19,1,6,1,0,1,0,1,0,1
cb8be0fe,Rebecca,Mcdonald,19,2,6,1,0,1,0,1,0,1
fb85ea55,Patrick,Aguirre,27,1,5,0,0,0,0,1,0,1
331e433d,Jay,Todd,18,6,5,1,0,0,0,1,0,1
1b42f5dd,Amanda,Branch,18,1,5,1,0,1,0,1,0,1
225857f5,Daniel,Durham,18,3,8,1,0,1,0,1,0,1
bbbd5e2f,Martha,Heath,19,1,5,1,0,1,0,1,1,1
4e63b26e,Alyssa,Graves,21,1,6,1,0,0,0,1,0,1
a3e2e68a,Damon,Thompson,23,1,12,1,0,1,0,1,0,0
62ca34d5,Joshua,Aguilar,19,4,6,1,1,1,0,1,1,1
ea22794f,Jonathan,Mccoy,18,1,6,1,1,0,0,1,0,1
d8677c04,Andrew,Martin,19,1,7,1,0,1,0,1,0,1
2775b0a3,Logan,Miller,18,1,6,1,0,1,0,1,0,1
228e45e1,Shane,Oliver,21,1,6,1,0,0,1,1,0,1
7a7ec494,John,Flynn,20,1,6,1,0,0,1,1,0,1
2e33be55,Brent,Frank,20,1,6,1,0,0,1,1,0,0
bee1f96f,Carmen,Beard,37,1,5,0,0,0,1,2,0,1
3d50ff02,Mark,Rios,18,1,6,1,0,1,1,1,0,1
2a21d941,Sarah,Arnold,23,1,6,1,0,0,1,1,0,1
531a095c,Jeremy,Wagner,18,1,6,1,0,1,1,1,0,1
90544bff,Christian,Thompson,32,1,11,1,0,0,1,1,0,1
a3112605,Pamela,Strong,19,1,12,1,1,1,1,1,0,1
5117c6b2,Michael,Reese,20,1,0,1,0,1,1,1,0,1
63144f2a,Megan,Zimmerman,40,1,5,1,1,0,1,1,0,1
3318aa87,Jeremy,Holmes,20,4,5,1,0,0,1,1,0,1
543089bd,Stephanie,James,20,1,5,1,0,1,0,1,0,1
c07843e4,Jonathan,Delgado,19,3,7,1,0,1,0,1,0,1
8f955e3d,Shane,Hawkins,19,1,6,1,0,1,0,1,0,1
a3e0ae6c,Tina,Smith,20,1,7,1,0,0,0,1,0,1
4e90398f,Daniel,Raymond,18,3,8,1,0,1,0,1,0,1
2f7ea251,Kevin,Nelson,18,1,6,1,0,1,0,1,0,1
55302f6b,Abigail,Oneill,22,1,6,1,0,1,0,1,1,0
8b81624f,Leslie,Miranda,20,2,5,1,1,1,0,1,0,1
220cde42,Stephanie,Saunders,23,1,6,1,1,0,0,1,0,0
1d8c91ff,Eric,Day,20,5,6,1,0,1,0,1,0,1
83869919,Roy,Castillo,21,1,5,1,0,0,0,1,0,1
72ed54d1,James,Hunter,20,1,6,1,0,0,0,1,0,1
ba23257d,Cristian,Gutierrez,20,2,7,1,0,1,0,1,1,0
ae62fde8,Heather,Mccoy,20,1,7,1,0,1,0,1,0,1
f64d6e63,Becky,Singleton,21,1,5,1,1,0,0,1,0,1
8af33131,Johnny,Kaufman,18,3,5,1,0,1,1,1,0,1
db1253b8,Dana,Jones,23,1,7,1,0,1,1,1,0,1
8f0d93e4,David,Fry,22,1,5,1,0,0,1,1,0,0
533acf6f,Lisa,Carroll,18,1,5,1,0,1,0,1,0,1
ae37ea8f,Cassidy,Stein,22,2,6,1,0,1,0,1,0,1
a1392605,Elizabeth,Johnson,18,4,5,1,1,1,1,1,0,0
c968f866,Paige,Gibson,21,1,7,1,0,0,1,1,1,1
b35e8558,William,Medina,21,1,6,1,0,1,0,1,0,1
e0527ff8,Keith,Kim,20,5,6,1,0,1,0,1,0,1
034c91d2,Brian,Warren,37,1,5,0,0,0,0,4,0,1
3352d781,Ian,Taylor,37,1,8,0,1,0,0,2,0,1
eb63ca40,Michelle,Williams,28,1,6,1,1,1,0,1,0,1
c2d3629c,Michael,Wright,18,5,5,1,0,1,0,1,0,1
c06b9d95,Barbara,Benson,34,1,8,1,0,1,0,1,0,1
dd0bdb14,Theresa,Michael,31,1,6,0,0,0,0,1,0,1
0fb4c51c,Ashley,Collins,18,1,6,1,0,1,0,1,0,1
413f7998,April,Johnson,31,1,6,1,0,1,0,2,0,1
becbcc6b,James,Hill,18,2,5,1,0,0,1,1,0,1
d3e47bb0,Nicholas,Reynolds,24,1,5,1,0,0,1,1,0,1
d36487c5,Kenneth,Barron,18,3,5,1,1,1,1,1,0,0
328076de,Megan,Davis,41,1,5,0,0,0,1,2,1,1
3c3ead80,Logan,Clayton,34,1,5,0,0,0,1,2,0,1
a6187b8c,Jon,Flores,20,3,7,1,0,1,0,1,1,1
e90d3fd3,Theresa,Ramirez,22,1,6,1,0,1,0,1,0,1
82bcf564,Cassandra,Zimmerman,18,1,6,1,0,0,0,1,1,1
ce2226f9,Jimmy,Jensen,18,3,6,1,0,0,0,1,1,1
610ac440,Michael,Patterson,18,1,6,1,0,0,0,1,0,1
6c09f592,Jason,Ramirez,18,1,6,1,1,1,0,1,0,1
e1070838,Oscar,Farley,19,1,6,1,0,0,0,1,0,1
b662e4c3,Amanda,Johnson,21,1,6,1,0,1,0,1,0,1
f726542e,Jeremy,Simpson,18,2,7,1,0,1,0,1,0,1
bb997cb9,Wesley,Gonzalez,18,1,0,1,0,0,0,1,0,1
e4c54a99,Michael,Perez,18,2,6,1,0,1,0,1,0,1
636fbef9,Lawrence,Coleman,21,1,10,1,0,0,0,1,0,1
ffc27cec,Erika,Ruiz,20,2,7,1,0,1,0,1,1,1
7e8732ee,Trevor,Andersen,25,1,5,0,0,0,0,1,0,1
c17acbcc,Mary,Collins,25,2,7,1,0,1,0,1,0,1
f0f7f557,Glenn,Baldwin,24,1,6,1,0,1,0,1,0,1
3f3b44bc,Patrick,Higgins,19,1,5,1,0,1,0,1,0,1
e913a0de,Melissa,Rodriguez,19,6,5,1,0,0,0,1,1,1
abd3b8a3,Brett,Collier,20,2,5,1,0,1,0,1,1,1
d85d6483,Michael,Johnston,18,1,0,1,0,1,0,1,0,1
31512f41,Christian,Gonzalez,18,2,7,1,0,0,0,1,0,1
64e57c3b,Thomas,Dyer,19,3,5,1,0,1,0,1,0,1
0952db92,Stephanie,Johnson,19,1,7,1,0,1,0,1,0,1
99725700,Christian,Miranda,19,1,5,1,0,1,0,1,0,1
8a732880,Dana,Edwards,32,1,7,1,0,1,0,4,0,1
7c5c5c71,Gregory,Cunningham,24,1,5,0,0,0,1,1,0,1
9831003d,David,Barton,19,2,7,1,0,1,0,1,0,1
8cbb5de6,James,Downs,45,1,11,1,0,1,0,2,0,1
657dcf60,Yvette,Kelly,18,1,7,1,0,1,0,1,0,1
07605cda,Lauren,Spencer,37,1,6,1,1,0,0,2,0,1
5a171d65,Nathan,Lee,20,1,6,1,0,0,0,1,1,1
72db5e49,John,Knight,18,4,7,1,0,1,0,1,1,1
4c4757bc,Philip,Velasquez,21,1,9,1,1,1,0,1,0,1
6d594f90,Holly,Sosa,25,1,5,1,0,0,1,1,0,1
4ff85c38,Heather,Ramirez,21,1,6,1,1,1,0,1,0,1
136dbd0a,Susan,Morgan,19,1,5,1,0,1,0,1,0,1
64dc14dc,Adam,Chen,23,1,11,0,1,0,0,1,0,1
5af03f71,Alexa,Gay,18,1,6,1,0,0,0,1,0,1
e2e7346b,Ryan,Thompson,24,1,6,0,0,0,1,1,1,1
bbdd50ef,Christian,Hill,20,2,6,1,0,1,1,1,1,1
d9a6780b,Paula,Chase,18,2,5,1,0,0,1,1,1,1
20beef42,Chad,Gonzales,26,1,6,1,0,1,1,1,0,1
3e73e89e,Denise,Gallegos,18,1,6,1,0,1,0,1,0,1
4b9290ae,Natalie,Ramos,19,2,5,1,0,1,0,1,0,1
f5d2bfea,Christopher,Mason,20,2,7,1,0,1,0,1,0,1
95b7730f,Alexis,Park,18,3,5,1,0,1,0,1,0,1
595b9582,Donna,Smith,21,1,6,1,0,1,0,1,0,1
d2960a7b,Colleen,Schneider,18,1,6,1,0,0,0,1,0,1
bcab0d6f,Cole,Stokes,20,1,6,1,0,1,0,1,0,1
6cfabeef,Kenneth,Odom,19,2,6,1,0,1,0,1,0,1
9d8e533e,Heidi,Patel,27,1,7,1,0,0,0,1,1,1
3171e6b9,Lauren,Mccormick,19,1,5,1,1,1,0,1,1,0
74e8df84,Ashley,Wang,19,3,7,1,0,1,0,1,1,1
40713a77,Mark,Smith,23,1,11,1,1,1,0,1,0,0
060ab2e1,Christina,Prince,20,1,6,1,0,0,0,1,1,1
7d851c73,Jose,Robinson,20,1,6,1,0,0,0,1,0,1
d11f8bd2,Rebecca,Collier,18,1,5,1,0,1,1,1,0,1
bf06e6fc,Erin,Martinez,21,2,5,1,0,1,1,1,0,1
63674eb4,Meagan,Medina,20,1,6,1,0,1,0,1,0,1
3d819974,Elizabeth,Collier,18,2,0,1,0,1,0,1,0,1
28992775,Kelli,Garcia,19,2,6,1,0,1,0,1,0,1
c674fed4,Anna,Rodriguez,19,2,6,1,0,1,0,1,1,1
61920095,Melissa,Clark,19,3,5,1,0,1,0,1,1,1
843c35d0,Kathleen,Burke,18,2,5,1,0,1,0,1,0,1
2730b81f,Christopher,Henry,19,1,6,1,0,1,0,1,0,1
a07e30bf,Jenna,Gomez,21,1,6,1,0,1,0,3,1,1
bfad2360,Andrea,James,18,3,6,1,0,1,0,1,1,1
a6d7e095,Megan,Murphy,18,2,7,1,0,1,0,1,1,1
98a8ca98,Edward,Miller,19,1,6,1,1,0,0,1,0,1
e3f24457,Melanie,Johnson,20,1,5,1,0,0,1,1,0,1
084dfb53,Jill,Greer,20,1,5,1,0,0,1,1,0,1
12f4e600,Richard,Brooks,18,6,7,1,0,1,1,1,0,1
0c2ee7a0,Gregory,Stanton,19,1,6,1,0,1,1,1,0,1
1bdb9168,Kyle,Macdonald,19,3,5,1,0,1,1,1,0,1
0bcb2624,Sara,Wright,20,2,6,1,0,1,1,1,0,1
32817cc1,Brittany,Hill,21,5,5,1,0,1,1,2,0,1
4b754b45,Michael,Sanchez,18,1,5,1,0,1,1,1,0,1
c768081d,Lauren,Simpson,20,1,6,1,0,1,1,1,0,1
31d60a2a,Ryan,Mahoney,20,1,5,1,0,1,1,1,0,1
0760e204,Gabriella,Chavez,25,1,6,1,0,1,0,1,1,1
1725c7f8,Daniel,Hall,28,1,6,1,0,0,1,4,0,1
6701ca37,Michelle,Olson,35,1,7,1,0,0,0,2,0,1
cde7016a,Chad,Webb,27,1,8,1,0,0,0,1,0,1
e843aefb,Karen,Ho,31,1,5,0,0,0,0,1,1,1
4b01b1e1,Nathan,Townsend,47,1,5,0,0,0,1,2,0,1
c268887a,Kevin,Rivera,20,1,0,1,0,0,1,1,1,1
ad5cab88,Johnny,Smith,18,1,0,1,0,1,1,1,0,1
346690b2,Diana,Chapman,39,1,6,1,0,0,0,4,0,1
47287f4f,Keith,Bush,30,1,5,1,1,0,1,1,0,1
b2e74582,Amy,Davis,41,1,6,0,0,0,0,2,0,1
0577225f,Harold,Brown,18,1,6,1,0,0,0,1,0,0
6e61cc05,Joshua,Yates,18,1,5,1,1,1,1,1,0,1
67918199,Michael,Hunt,20,1,7,1,0,0,1,1,0,1
5bfc4cf5,Lisa,Johnson,21,1,6,1,0,1,0,1,0,1
aebe374a,Anna,Martinez,20,1,6,1,1,1,0,1,0,0
de41eab1,Ashley,Dixon,20,4,6,1,0,0,0,1,0,1
7c7090b1,Michael,Grimes,19,1,7,1,1,0,0,1,0,1
382d5988,Heather,Valdez,45,1,12,0,0,1,0,2,0,1
71535551,Frances,Nixon,28,1,5,0,0,0,0,1,0,1
f4b1a54c,Nicole,Powers,18,1,0,1,0,1,1,1,1,1
a48516af,Stephanie,Davis,18,2,6,1,0,1,0,1,0,1
de192834,Hector,Rosales,18,1,5,1,0,1,0,1,0,1
57ba2faf,Amber,Carter,21,2,5,1,0,1,1,1,0,1
78ba3f8a,Tyler,Joyce,18,4,5,1,0,1,1,1,0,1
6011ff12,Travis,Taylor,19,1,5,1,0,1,1,1,0,1
b389a946,Jennifer,Wilson,19,1,5,1,0,0,1,1,0,1
d167b89a,Karen,Gonzalez,22,2,7,1,0,1,1,1,0,1
e2e042d3,Jeffery,White,21,6,6,1,0,0,1,1,0,1
b486b5d6,Timothy,Mayer,18,2,6,1,0,1,1,1,0,1
92fd0293,Kevin,Herring,20,1,12,1,1,1,1,1,0,1
7845eddc,Alexis,Anthony,18,1,6,1,0,1,1,1,0,1
6035e2c4,Kelsey,Robinson,18,5,5,1,0,1,1,1,0,1
739e1bfb,Andrew,Howe,54,1,13,0,0,0,1,1,0,1
9e606e4b,Jeffrey,Phillips,19,1,8,1,0,0,0,1,0,1
a20eb0a9,Laura,Brown,27,1,5,0,0,0,0,1,0,1
ecc1868d,Megan,Williams,20,2,5,1,0,0,0,1,0,1
ca9ef02d,John,Burton,20,1,0,1,0,1,0,1,0,1
58828887,Daniel,Garner,19,1,6,1,0,1,0,1,0,1
46c2ca17,Rhonda,Erickson,25,1,5,0,0,0,0,1,0,1
d7a60322,Alicia,Fitzgerald,19,1,5,1,0,1,1,1,0,1
de3f7e98,Carrie,Taylor,19,1,6,1,0,0,1,1,0,1
11d12d0a,Sabrina,Graves,20,1,0,1,0,1,1,1,0,1
5e5e6d7c,Cassandra,Allison,19,1,5,1,0,0,1,1,0,1
353ffee6,Isabella,Baker,18,1,5,1,0,0,1,1,0,1
98ffd4dc,Donald,Palmer,19,4,5,1,0,1,1,1,0,1
69d69831,Evan,Miles,31,1,6,0,0,0,0,1,0,1
c853be7e,Martha,Martinez,24,1,6,1,1,0,0,1,0,0
f2dbc832,Jessica,Hall,33,1,8,1,0,0,1,2,1,1
0f0e7ba5,Alan,Cuevas,20,1,6,1,0,1,0,1,1,1
ba32b86c,Rachel,Lewis,44,1,11,0,0,0,1,2,0,1
1b803755,Corey,Holland,18,5,7,1,0,1,1,1,0,1
0aa43d1c,Megan,Murray,19,4,6,1,0,1,1,1,0,1
0c5986dd,Jessica,Taylor,21,1,9,1,0,1,1,1,0,1
68c1ee1b,Brent,Hall,20,2,6,1,0,1,1,1,0,1
01ebcfab,Tammy,Kelly,20,1,5,1,0,0,1,1,0,1
d5271707,Elizabeth,Harris,18,1,5,1,0,0,1,1,1,0
6aa221cf,Linda,Kramer,19,1,12,1,1,0,1,1,0,1
d87c5749,Diana,Mcbride,26,1,8,1,0,0,1,1,0,0
257a1b75,Kelly,Ward,32,1,7,1,1,0,1,1,0,1
742a4e44,Andrew,Mcbride,23,3,6,1,0,1,0,1,1,1
a063c983,George,Sanchez,24,1,5,1,0,0,0,1,0,1
103f1b80,Jenny,Thomas,25,1,6,1,0,1,1,1,0,1
54fe6810,Deanna,Vargas,19,6,6,1,0,1,1,1,0,1
1a5ffb8f,Ryan,Marshall,21,1,6,1,0,0,1,1,0,1
8760aa7e,Robert,Norman,19,3,5,1,1,1,1,1,0,1
fe532801,Natasha,Bailey,25,1,5,1,0,0,1,1,0,1
e0d22c89,Jonathan,Lee,21,1,7,1,0,1,0,1,0,1
b3fadadb,Kelly,Johnson,19,3,5,1,0,0,1,1,1,1
ef406dc7,Christina,Acevedo,18,5,5,1,0,0,1,1,1,0
9c08c63e,Katherine,Cox,24,1,6,1,1,0,1,1,0,1
fc2461f0,Anna,Lopez,19,1,6,1,0,1,0,1,0,0
57ab9dc0,Luis,Lopez,19,3,7,1,0,1,0,1,1,1
bf921163,Jacob,Fernandez,19,1,5,1,0,1,0,1,0,1
e9f051fd,Jason,Novak,21,1,5,1,0,1,0,1,0,1
b0b6c609,Molly,Flores,18,1,5,1,0,0,0,1,1,1
fa004420,Rachel,Bennett,39,1,7,1,0,1,0,2,0,1
edde7a01,Jennifer,Baker,20,2,5,1,1,1,1,1,0,1
c4ed29ca,Brian,Burns,19,3,6,1,0,0,1,1,0,1
2a17d69d,Steven,Davis,27,1,2,0,0,0,1,2,0,1
1d03ab88,Kenneth,Brown,34,1,5,1,0,0,1,1,0,1
e8d013a7,Dean,Lyons,41,1,7,1,1,0,1,2,0,1
242cbf27,Kristi,Gordon,48,1,7,1,0,0,0,2,0,1
2d5b15fe,Hannah,Conner,18,1,0,1,0,1,0,1,0,1
26a67101,Juan,Johns,19,1,6,1,0,1,0,1,0,1
92365b49,Eric,Barber,21,1,6,1,0,0,0,1,0,1
9a9c16cd,Shawn,Miller,19,1,6,1,0,1,0,1,0,1
112d7a34,Diana,Lawson,20,1,6,1,1,0,0,1,0,1
46383b63,Tyler,Evans,20,1,6,1,0,1,0,1,0,1
fdff2d3d,Andrea,Banks,18,1,6,1,0,0,0,1,0,1
1dac8b40,Brian,Evans,18,1,6,1,0,0,0,1,1,0
97a17a34,Gregory,Martin,17,4,8,1,0,1,0,1,0,1
010528bf,Carl,Reese,18,4,6,1,0,1,0,1,0,1
e75b2d13,Johnathan,Jones,24,1,9,1,1,1,0,1,0,0
b2a14af0,Lindsey,Lopez,20,1,8,1,0,0,0,1,1,1
512ab523,Richard,Johnson,18,3,5,1,0,1,0,1,0,1
986b6a4c,Mark,Moore,18,1,6,1,1,0,0,1,0,1
5963d74c,Michael,Tyler,20,1,11,1,1,0,0,1,0,1
3e00dcd1,Madison,Odom,19,4,7,1,0,1,0,1,0,1
9077ccb2,Amy,Arnold,20,1,6,1,0,0,0,1,0,1
3c40297e,Shane,Ellison,34,1,5,0,0,0,0,2,0,1
65d83770,Scott,Frederick,18,5,6,1,0,1,0,1,0,1
43bc0cf6,James,Winters,25,1,6,0,1,0,0,1,0,1
b3e8f8a8,Katherine,Baker,21,1,6,1,0,1,0,1,0,1
97b2a3b2,Joanna,Walker,34,1,5,0,0,0,0,2,0,1
2ea22b4b,Jeffrey,Garcia,17,2,0,1,0,1,1,1,0,1
26aa4876,Michael,Hernandez,22,1,6,1,0,0,1,1,0,1
603e5da6,Robert,Greer,19,6,7,1,0,1,0,1,0,1
8e0b9a60,Nicholas,Gentry,20,1,6,1,0,0,0,1,0,1
f11396bc,Angela,Jordan,19,4,6,1,0,1,0,1,0,1
34ff6d9f,Rebecca,Gibson,21,3,5,1,0,1,0,5,0,1
798b2905,Breanna,Turner,21,1,6,1,0,0,0,1,0,1
ff14b46b,Toni,Wagner,18,1,7,1,0,0,0,1,1,1
6adfb7c7,Thomas,Myers,18,1,6,1,0,1,0,1,0,1
471d9937,Rachel,Martin,18,1,5,1,0,1,0,1,0,1
29f5bbd3,Robert,Baker,19,3,5,1,0,1,0,1,0,1
6397a5a9,Colleen,Cain,18,1,0,1,0,1,0,1,0,1
64d55f94,Margaret,Wagner,18,1,6,1,0,0,0,1,0,1
f993d18f,Patrick,Ward,18,5,7,1,0,1,0,1,0,1
eae36e40,Kristine,Gilbert,18,1,6,1,1,1,0,1,0,0
63dce1c0,Wayne,Brown,21,1,6,1,0,1,0,1,0,1
d2863999,Tina,Norman,18,2,0,1,0,1,0,1,0,1
4e1ac4a9,Anita,Haney,19,2,6,1,0,1,0,1,0,1
6d8f9ede,Benjamin,Blair,18,1,6,1,0,0,0,1,1,1
1b825ccc,Brendan,Johnson,18,1,0,1,0,1,1,1,1,1
1b5a7e68,Kevin,Cooper,18,1,5,1,0,0,1,1,0,1
21026b63,Miguel,Patterson,19,2,6,1,0,1,1,1,1,1
cfc2136a,Heather,Lambert,20,2,5,1,0,1,1,1,0,1
5bb9560b,Jonathan,Mercado,19,1,6,1,0,1,1,1,0,1
dccf8d6a,Marcus,Nielsen,20,1,7,1,0,0,1,1,1,1
3f2a38c7,William,Jones,22,1,5,1,0,0,1,1,0,1
3cd46e42,Cynthia,Harris,22,2,5,1,0,1,1,1,1,1
f979d034,Angela,Vega,19,1,5,1,0,0,1,1,0,1
a818de3b,Diane,Hill,19,2,6,1,0,0,1,1,0,1
52bfc9c9,Gloria,Holt,18,1,5,1,0,0,1,1,0,1
90723d03,Jeffrey,Park,18,2,6,1,0,0,1,1,1,1
4ae1cb02,Thomas,Meyer,19,1,6,1,0,0,1,1,0,1
ff68ce1a,Heather,Holmes,24,1,6,1,0,0,1,1,0,1
4c472a3b,Bryan,Velazquez,25,1,6,1,1,1,1,1,0,0
d482a0cb,Madison,Stokes,37,1,5,0,0,0,1,2,0,1
fd96f0f5,Michael,Shaw,19,1,5,1,0,0,1,1,0,1
67ea9846,Patricia,Sloan,19,1,7,1,0,0,1,1,1,1
78774a73,Jason,Brown,21,2,8,1,0,0,1,1,1,1
5d5257e8,Troy,Moses,20,1,7,1,0,0,1,1,0,1
5f59a95c,Julia,Young,19,2,6,1,0,0,1,1,1,1
e3d03dc0,Michael,Baker,42,1,6,1,0,1,1,1,0,1
140528b4,James,Dunn,21,1,6,1,0,0,1,1,0,0
9676352f,Sherry,Smith,19,1,6,1,0,1,1,1,0,1
498bf591,Anthony,Hernandez,21,1,6,1,0,0,1,1,0,1
fe41a195,Alexander,Sandoval,20,1,6,1,0,0,1,1,0,1
33ce8f72,Mark,Simmons,19,1,5,1,0,0,1,1,0,1
c96ddaae,Calvin,Clark,23,1,7,1,0,0,1,1,0,1
31cefd0f,Amy,Marshall,18,1,6,1,0,0,1,1,0,1
951c2af3,Christopher,Reynolds,22,1,5,1,1,0,1,1,1,1
6de0b7ad,Mary,Moore,19,5,5,1,0,1,1,1,0,1
cf191b61,Suzanne,Jenkins,22,3,6,1,0,1,1,1,1,1
71e77b55,Dana,Shea,38,1,6,1,0,0,1,1,0,1
1812c7c6,Glenda,Blackwell,27,1,7,1,0,1,1,1,0,1
e4baa2fc,Michelle,Fowler,19,1,5,1,0,1,1,1,0,1
f8b659ed,Allen,Nunez,20,1,5,1,0,0,1,1,0,1
d311020e,Deborah,Schroeder,18,4,5,1,0,1,1,1,0,1
4e968763,Maria,Kim,19,1,6,1,0,0,1,1,0,1
18c1f90e,Paul,Collins,24,1,5,1,1,0,1,1,0,1
107b0982,Nathan,Pittman,22,1,5,1,0,1,1,1,0,1
d62d9850,Andrew,White,19,1,6,1,0,0,1,1,1,1
041030b9,Stacy,Gray,23,1,17,1,1,1,1,1,0,1
56c7d965,Mary,Garcia,29,1,6,1,0,1,1,1,0,0
a5b1f2e1,Maria,Maxwell,20,1,6,1,0,0,1,1,0,1
0da5a6c8,James,Becker,22,3,0,1,0,1,1,1,0,1
6bb8e2f3,Gabriel,Mccormick,20,2,6,1,0,1,1,1,0,1
0823696e,Matthew,Levy,24,1,5,1,0,1,1,1,0,1
90f587b7,Jeffrey,Torres,21,1,12,1,1,0,1,1,0,1
4112082e,Kristen,Brooks,20,1,5,1,0,0,1,1,0,1
cd0dfa7f,Kathleen,Brown,22,5,6,1,0,1,1,1,0,1
415c0ee5,Thomas,Brown,18,1,5,1,0,0,1,1,0,1
8df27f09,Joshua,Gonzalez,22,1,6,1,0,1,1,1,0,1
15c687ac,Patrick,Taylor,19,2,6,1,0,1,1,1,0,1
8493f85b,Eric,Lynch,43,2,5,0,0,0,0,2,0,1
47b4736e,Kathryn,Lopez,24,1,7,1,0,0,1,1,0,1
b9dec05c,Elizabeth,Gonzalez,18,4,5,1,0,1,1,1,0,1
d92b0b0c,James,Hicks,21,1,5,1,0,0,1,2,0,1
7d363894,Erica,Barton,39,1,6,0,0,0,1,1,0,1
6827ff54,Kelly,Gibson,34,1,7,1,0,0,1,1,0,1
c7f8fa06,Shannon,Ingram,18,1,0,1,1,0,1,1,0,0
79b76327,Cory,Bell,21,1,12,1,0,0,1,1,0,1
25743db9,Rebecca,Nelson,27,1,5,1,0,0,1,1,0,1
4a29336c,Matthew,Mclaughlin,18,1,5,1,0,1,1,1,0,1
5a0e26fb,Jacob,Gomez,20,1,6,1,0,0,1,1,1,1
9fb24c95,Eugene,Gibbs,19,1,6,1,0,1,1,1,0,1
d0391c34,Brianna,Young,23,1,6,1,0,1,1,1,0,1
41c7686b,Victor,Sanders,22,1,0,1,0,1,1,1,0,1
491ba426,Steven,Johnson,20,6,5,1,0,1,1,1,0,1
7dea7685,Amanda,Martinez,20,2,6,1,0,1,1,1,0,1
c8d78048,Valerie,Owens,19,2,5,1,0,0,1,1,0,1
075e5a6e,Jose,Mills,18,1,7,1,0,1,0,1,0,1
7828df22,Jeremy,Jones,20,4,5,1,0,1,1,1,0,1
f21909d5,Jennifer,Alexander,18,1,6,1,0,1,0,1,1,1
2212bf4e,Elizabeth,King,19,2,6,1,0,1,0,1,0,1
cca4b2bd,Arthur,Thomas,19,1,5,1,0,0,0,1,0,1
8a9e26f8,Evan,Murray,19,1,6,1,0,0,0,1,0,1
064f3bcf,Sue,Morgan,20,3,6,1,0,1,0,1,1,1
4796c95f,Karen,Braun,18,4,5,1,1,1,1,1,0,1
1188c4bf,Sheri,Smith,18,1,5,1,0,1,1,1,0,1
b50d2356,Michael,Mckinney,18,2,0,1,0,1,0,1,0,1
9bd74084,Todd,Hickman,19,1,5,1,0,0,0,1,0,1
0320e42a,Jennifer,Perez,20,1,6,1,0,0,0,1,0,1
07cfd869,Dustin,Jones,26,1,6,0,0,0,0,1,0,1
0764d754,Christie,Elliott,41,1,5,1,1,0,0,1,0,1
11663bea,Robert,Robbins,26,1,5,0,0,0,0,1,0,1
af58d330,Henry,Morales,21,2,5,1,0,1,0,1,0,1
0c9a16b4,Luke,Kelly,24,4,5,1,0,1,0,1,0,1
ca4fb997,Teresa,Davis,18,4,6,1,0,1,0,1,0,1
f25f439d,Alex,Carlson,22,1,7,1,1,1,0,1,0,0
56773625,Trevor,Terry,23,1,5,1,0,1,0,1,0,1
c2772c15,Richard,Campbell,21,3,5,1,0,1,0,1,0,1
e4b1fc5f,Tyler,Williams,18,3,6,1,0,1,0,1,0,1
8efa6ffa,Kimberly,Scott,22,1,6,1,0,1,0,1,0,1
b6514faa,Jamie,Hunt,29,1,10,1,0,0,0,1,0,1
b54dad06,Michael,Clark,19,1,7,1,0,0,1,1,0,1
aaf01522,Michelle,Crawford,18,1,5,1,0,0,1,1,1,1
556923c5,Emily,Davis,28,9,5,0,0,0,1,1,0,1
624e532f,Roger,Johnson,20,1,6,1,0,1,1,1,0,1
5074b7a6,David,Smith,26,1,7,1,0,0,1,1,0,1
e61595c5,James,Harris,20,1,7,1,0,0,1,1,0,1
1fecadc7,Matthew,Gonzalez,20,2,6,1,0,1,1,1,1,1
7e353b22,Haley,Alvarez,43,1,8,1,0,1,1,2,0,1
648a0784,Daniel,Stuart,18,5,5,1,1,1,1,1,0,1
8b3f732b,Jennifer,Wade,40,1,5,0,0,0,1,2,0,1
7ede162b,Joe,Kim,27,1,6,1,0,0,1,1,0,1
0fd0525c,Sandra,Bradford,26,1,6,1,1,1,1,1,0,1
28427529,Oscar,Johnson,20,2,5,1,0,1,1,1,0,1
06252944,Andrea,Butler,20,1,5,1,0,0,1,1,0,1
ac71ec37,Caroline,Stone,20,1,5,1,1,1,1,1,0,1
4182bc40,James,Garner,30,1,7,1,1,0,1,1,0,1
7a994d85,Alyssa,Macias,21,1,6,1,1,0,1,1,0,0
bc112015,Rachel,Bennett,19,1,5,1,0,0,1,1,0,1
553c0004,Sarah,Lindsey,25,1,7,1,0,0,0,4,0,1
aee53ca2,John,Vargas,26,2,7,1,0,0,0,2,1,1
db88f303,James,Ramirez,19,2,5,1,0,1,0,1,0,1
599c2517,Laura,Gardner,21,1,6,1,0,0,0,1,0,1
1edac289,Courtney,Garcia,21,1,5,1,0,1,0,1,0,1
742e645f,Matthew,Smith,26,1,6,1,0,0,0,1,0,0
27456041,William,Lloyd,20,1,8,1,0,1,0,1,0,1
4bffb15a,Olivia,Miller,18,2,6,1,0,1,0,1,0,1
cfce9703,Spencer,Dominguez,20,1,7,1,1,1,1,1,0,1
83444c49,Joseph,Moore,23,1,6,1,0,0,1,1,0,1
4655bee3,Lisa,Benson,20,1,6,1,0,0,1,1,0,1
1218413d,Sandra,Gonzales,45,1,9,0,0,0,0,1,0,1
ddf45b6d,Tina,Carr,26,1,6,0,0,1,0,1,1,1
e5d234c6,Madison,Wiggins,25,1,5,0,0,0,0,1,0,1
3ea86708,Sonia,Evans,19,1,8,1,0,1,1,1,0,1
d4b0650b,Joseph,Larson,19,4,7,1,0,0,0,1,1,1
886076c2,Lauren,Kelly,18,2,0,1,0,1,0,1,1,1
e53c1fff,Martin,Clark,19,2,5,1,0,1,0,1,0,1
e1bc393c,Todd,Martin,23,1,6,1,0,1,0,1,0,1
133ff44d,Gina,Powell,20,1,6,1,0,1,0,1,0,1
1eae7f38,Breanna,Graham,19,3,5,1,0,1,1,1,0,1
d03d85de,Sharon,Hanson,29,1,5,0,0,0,1,4,0,1
33023501,Bryan,Duran,18,1,6,1,0,1,0,1,0,1
557effb2,Erica,Davis,19,3,7,1,0,1,0,1,0,1
8f8154a8,Laura,Sharp,19,1,5,1,0,0,0,1,1,1
917a3cb2,Rodney,Conway,18,1,6,1,0,1,0,1,0,1
2c6db79d,Amy,Hughes,19,1,6,1,0,1,0,1,1,1
309ceffc,Rebecca,Mitchell,19,5,7,1,0,1,0,1,0,1
6a92d6e0,Amy,Wright,18,2,6,1,0,1,0,1,0,1
ec155e37,Denise,Harvey,18,3,5,1,0,1,0,1,0,1
698288af,Monica,Roy,34,1,6,1,1,0,0,2,0,0
beafa4ce,Lorraine,Fleming,22,2,5,1,0,0,0,1,0,1
9f726688,Shannon,Ward,50,2,5,1,0,0,0,2,0,1
1b424c5c,Melissa,Chavez,25,1,6,1,0,0,0,1,1,1
4e92bb63,John,Lee,50,1,5,0,0,0,0,2,0,1
34fad973,Jeffrey,Griffin,48,1,6,0,0,1,0,4,0,1
f1bc4402,Brittney,Daniel,41,1,5,1,0,0,0,2,0,1
c40f0ea2,Brad,Reed,28,1,10,0,0,0,0,2,0,1
c2f1c6d0,Joy,White,53,1,15,1,0,0,0,1,0,1
4c2c3a60,Justin,Lambert,49,1,6,0,0,0,0,1,0,1
c06b6c07,Chad,Santiago,22,1,10,1,0,1,0,1,0,1
00f92a2a,William,Weiss,40,1,5,0,0,0,0,1,0,1
c40f3fa8,Rebecca,Gomez,36,1,12,0,0,0,0,2,0,1
443c4fa4,Samantha,Anderson,48,1,6,0,0,0,0,6,1,1
d218bd71,Angela,Berg,34,1,6,0,0,0,0,1,0,1
d7003a34,Kara,Knight,19,3,8,1,0,1,0,1,0,1
dbf4777b,John,Wilkerson,34,1,5,0,0,0,0,2,0,1
e752036b,Jacob,Oconnell,28,2,7,1,0,1,0,2,0,1
78bfa57e,Robert,Bailey,35,2,5,1,0,0,0,2,0,1
e9d30d21,Jonathan,Martin,18,4,8,1,0,1,0,1,0,1
0fbeb2c8,Donna,Morgan,18,1,5,1,0,0,0,1,0,1
cbe8498e,Daniel,Moss,20,2,6,1,0,1,0,1,0,1
f49da2cf,Rebecca,Vance,18,2,6,1,0,1,0,1,0,1
326f42bf,Laura,Davis,20,1,5,1,0,0,0,1,0,1
de6816d7,Francisco,Walker,24,1,8,1,0,0,0,1,0,1
2475e147,John,Mercer,19,5,5,1,0,1,0,1,1,1
1ba6959e,Cindy,Reyes,18,4,6,1,0,1,0,1,0,1
f2aa5cad,Rachel,Andrews,18,5,7,1,0,1,0,1,0,1
4b2b37a6,Christopher,Simpson,19,1,5,1,0,0,0,1,0,1
0a2a219b,Raymond,Watts,19,1,5,1,0,1,0,1,0,1
37c3cb69,Steven,Shelton,19,2,6,1,0,0,0,1,0,1
389369ce,Shannon,Santos,19,3,7,1,0,1,0,1,0,1
df2c848f,Kyle,Trujillo,20,3,6,1,0,1,1,1,1,1
366c0547,Kelly,Perez,33,1,5,1,0,1,1,1,0,1
11b66723,Brenda,Weiss,20,1,6,1,0,1,1,1,0,1
9f0e3953,Rachel,Ford,27,1,5,1,1,0,1,1,0,0
71319aca,Brenda,Jones,33,1,8,1,0,0,0,2,0,1
0966558f,Kathleen,Pace,20,1,6,1,0,1,0,1,1,1
f71d3053,Kimberly,Martinez,19,1,6,1,0,1,0,1,0,1
15e473d8,Jeremy,Jacobson,18,5,6,1,0,1,0,1,0,1
c7bdc2c4,Kaitlyn,Cox,19,1,6,1,0,1,0,1,0,1
1426bcf4,Christopher,Summers,21,1,5,1,0,1,0,1,0,1
7b887536,Brent,Price,19,5,5,1,0,1,0,1,1,1
2a8c1aca,Kimberly,Torres,21,1,6,1,0,1,0,1,0,1
48516d48,Daniel,Miller,21,6,7,1,0,1,0,1,0,1
242d345d,Brian,Parks,18,1,7,1,0,1,0,1,0,1
52e22fa3,Steven,Brooks,19,1,6,1,0,1,0,1,1,1
0a81d50e,Rebecca,Smith,20,5,7,1,0,0,0,1,0,1
5cef356b,Gary,Dixon,20,3,5,1,0,0,0,1,0,1
e96d2c4a,Isaac,Flynn,20,1,5,1,0,1,0,1,0,1
18d201de,Robert,Richardson,18,5,7,1,0,1,0,1,0,1
68122e47,Craig,Parker,18,2,5,1,0,0,0,1,0,1
d9a850f1,Nancy,Bradley,21,1,6,1,0,1,1,1,0,1
56397673,Matthew,Collins,20,1,6,1,0,1,1,1,1,1
1bb5043a,Matthew,Garcia,19,5,6,1,0,1,0,1,1,1
a609df85,Daniel,Rivera,19,1,7,1,0,1,1,1,1,1
fa28f333,Bobby,Good,28,1,5,1,0,1,1,1,0,1
5df25b65,Alexis,Bishop,21,2,5,1,0,0,1,1,0,1
a082e72b,Yolanda,Turner,24,1,10,0,1,0,1,1,0,1
a9bf7672,James,Allen,23,1,6,1,0,1,1,1,0,1
a9f37a2e,Michelle,Olsen,20,1,6,1,0,1,1,1,0,1
05a6f979,Tanya,Flores,18,1,0,1,0,1,1,1,0,1
8c918459,Christopher,Barry,23,1,13,0,0,0,0,1,0,1
18431a2d,Sheila,Smith,23,1,6,1,0,1,0,1,0,1
c0d09c16,Michael,Leon,39,1,5,1,0,0,0,2,0,1
f98eb2e0,Brandi,Brown,22,1,5,1,0,1,0,1,0,1
a7da07db,Gabriel,Johnson,30,1,5,0,0,0,0,4,0,1
741c66ca,Phillip,Baker,35,1,5,0,0,0,0,2,1,1
7d8eef20,Donna,Stewart,26,1,7,1,0,1,0,1,0,1
c16fe178,Stephanie,Daniels,30,1,11,1,0,0,0,2,0,1
10624d9e,Katherine,Howell,25,1,5,0,1,0,1,2,0,1
0d08954a,Angela,Evans,18,3,8,1,0,1,0,1,0,1
2ca4b5f6,Ryan,Hurley,23,1,7,1,0,0,0,1,0,1
c063cc81,Angela,Dean,18,2,7,1,0,1,0,1,1,1
ecebca22,Kelli,Webb,31,1,6,1,1,0,0,1,0,1
98be84ef,Leonard,Nguyen,20,1,6,1,0,0,1,1,0,1
8de519ef,Donald,Howell,19,1,10,1,0,0,1,1,0,1
e7d6df76,Jason,Jordan,34,1,5,1,1,0,1,5,1,1
c06ac43d,John,Leonard,21,1,5,1,0,0,1,1,0,1
033e893d,Roger,Flynn,21,4,6,1,0,1,1,1,0,1
68bb34c0,Leah,Nelson,24,1,6,1,0,0,1,1,0,1
61e77ec1,Brandon,Flores,20,1,6,1,1,0,1,1,0,0
88aa9e51,Jill,Golden,19,1,5,1,0,0,1,1,0,1
07706160,Robin,Smith,26,1,6,0,0,1,1,1,0,1
d0c98c58,Jessica,Cook,20,1,5,1,0,0,1,1,0,1
dcaaf4b3,Sydney,Delacruz,21,1,5,1,0,1,0,1,0,1
a570adae,Donald,Dennis,26,1,5,0,0,0,1,1,0,1
40231045,Sandra,Adams,19,6,8,1,0,1,0,1,1,1
741347f3,Rebecca,Hall,19,1,5,1,0,0,0,2,0,1
12314a03,Troy,Williams,19,1,5,1,0,1,0,1,0,1
cc44973d,Tyler,Mason,21,1,6,1,0,0,0,1,1,1
d742d00e,Jessica,Jensen,19,2,5,1,0,1,0,1,0,1
e777fe9f,Edward,Simmons,18,1,5,1,0,0,0,1,0,1
591d4893,Marcia,Wilson,20,1,6,1,0,0,0,1,0,1
70c5b08f,Jeremy,Gomez,32,1,5,0,0,0,0,2,0,1
1d94de9d,Tracy,Gordon,19,3,6,1,0,1,0,1,0,1
febd7212,David,Andrade,19,1,6,1,0,1,0,1,0,1
3a36fffd,Sharon,Sanford,18,1,5,1,0,0,0,1,0,1
f3fc1191,Kyle,Martin,20,6,7,1,0,1,0,1,0,1
10201565,Allen,Harris,19,1,6,1,0,0,0,1,0,1
fd63386f,Linda,Farrell,24,1,5,1,0,1,0,1,0,1
caa788d2,Paul,Norton,29,1,13,0,0,1,0,1,0,1
d713c3ef,Andrew,Perez,19,1,7,1,0,0,0,1,0,1
f2b45d64,Jennifer,Espinoza,19,1,6,1,0,0,0,1,0,1
a679fcff,Ryan,Ross,24,1,5,0,0,0,0,1,0,1
585f1e13,Hannah,Cook,28,1,7,1,1,0,0,1,0,1
21c05c1d,Kelsey,Richmond,38,1,8,1,0,0,0,4,0,1
b7d25eb5,Brianna,Taylor,19,1,6,1,0,1,0,1,0,1
4399bb41,Kelly,Tran,20,1,5,1,0,1,0,1,0,1
1d10ef59,Jessica,Edwards,29,1,5,0,0,0,0,1,0,1
66e69170,Timothy,Martinez,19,5,8,1,0,1,0,1,1,1
f11e40f9,Timothy,Schneider,28,1,8,1,1,0,1,1,0,1
42f69a8a,Karen,Mitchell,27,1,6,1,0,0,1,1,0,1
64794c36,Robert,Williams,18,1,5,1,0,1,1,1,1,1
ee43064f,Tyler,Neal,20,1,6,1,0,0,1,1,0,1
edc812e4,James,Carson,23,1,6,1,0,1,1,1,0,1
832bcaa2,Christopher,Miller,21,4,5,1,0,0,1,1,0,1
7937e3ad,John,Hall,34,1,5,0,0,0,1,2,0,1
9ed390b1,Michael,Weaver,20,1,7,1,0,0,1,1,0,1
f5441cd4,Brittany,Phillips,24,1,9,1,0,1,1,1,0,1
35cd9b9f,Thomas,Washington,39,1,5,0,0,0,1,1,0,1
3817da7d,Becky,Nichols,19,1,6,1,0,0,1,1,0,0
1d94b2ff,Brian,Baxter,38,1,5,0,0,0,1,1,0,1
cfc44ee7,Andrea,Barnes,21,1,7,1,0,1,1,1,0,1
5528f03b,Cynthia,Gutierrez,19,1,6,1,1,0,1,1,0,1
2b0ce65a,Alexander,Harmon,25,1,6,1,0,1,1,1,0,1
8e3ba0d3,Lori,Spencer,19,4,6,1,0,1,1,1,0,1
bfe2a575,Alison,Francis,33,1,7,1,0,0,1,2,0,1
b540dd97,Susan,Dixon,18,2,5,1,0,1,1,1,0,1
76d03495,Juan,Swanson,19,6,5,1,1,1,1,1,0,0
0a7bea46,Daniel,Branch,19,3,5,1,0,1,1,1,0,1
3d341157,Andrew,Schultz,18,3,8,1,0,1,1,1,0,1
a46211d7,Marisa,Parsons,19,1,5,1,0,0,1,1,0,1
bb3b7410,Nichole,Collier,22,1,6,1,0,0,1,1,0,1
01f528f9,Isaiah,Pena,18,3,5,1,0,1,1,1,0,1
ef127ef5,Teresa,Lopez,22,1,0,1,0,0,1,1,0,1
2976df6b,Ana,Tran,19,1,0,1,1,0,1,1,0,1
82f55b3b,Cheryl,Jones,19,1,5,1,0,1,1,1,0,1
fec7a850,Garrett,Arroyo,24,1,8,1,1,0,1,1,0,1
9b0416a6,Christina,Joseph,18,1,5,1,0,0,1,1,1,0
d7687f20,Timothy,Washington,20,1,6,1,0,0,0,1,0,1
5e8aca5b,Robert,Shepard,18,6,6,1,0,1,0,1,1,1
350437e3,Lori,Brown,21,1,6,1,1,1,0,1,0,1
0d9ec544,Thomas,Morse,33,1,7,1,1,0,0,4,0,0
0698e922,Tammy,Morris,26,1,6,1,0,1,0,1,0,1
17a2af24,Alexander,Cole,21,1,6,1,0,0,0,1,0,1
b08c0cb9,Desiree,Hunt,20,1,6,1,0,1,0,1,0,1
82854f95,Kent,Stephens,20,1,5,1,0,0,0,1,0,1
9894eab3,Laura,Lucas,43,1,6,1,0,0,1,1,0,1
48346595,Andrew,Hicks,26,1,5,1,0,0,1,5,0,1
b4e9450a,Robert,Floyd,33,1,5,1,0,1,1,1,0,1
0b1e4133,Erica,Porter,19,1,6,1,0,0,1,1,0,1
ede0d7a0,John,Edwards,18,3,6,1,0,1,1,1,0,1
ecc4d07f,Anthony,Mills,21,1,5,1,1,0,1,1,1,1
d2b4fd1a,Julia,Kirk,20,2,5,1,0,1,1,1,0,1
cc628085,Victoria,Acosta,19,1,6,1,0,0,1,1,0,1
2f5f78d5,Diana,Miller,24,1,5,1,0,0,1,1,1,1
abdab620,Michelle,Rose,21,1,6,1,0,0,1,1,0,1
12be6701,Aaron,Mann,28,1,5,1,0,0,1,1,1,1
f2510dbb,Ashley,Lowe,28,1,6,1,0,0,0,1,0,1
da7ee1ca,Tara,Valdez,20,1,6,1,0,1,0,1,0,1
ae37f478,Ryan,Jones,23,3,6,1,0,1,0,1,0,1
6743073c,Jessica,Solis,23,1,6,1,0,1,0,1,0,1
a1c099f1,Devin,Osborne,25,1,7,1,0,0,0,1,0,1
4bfdd2ed,Elizabeth,Petersen,19,2,7,1,0,1,0,1,1,1
11fb7bb6,Joshua,Austin,20,1,6,1,0,0,1,1,1,1
4379afb0,Heather,Jones,19,1,6,1,0,0,1,1,0,1
fe70ab1b,Jason,Rodriguez,18,1,7,1,0,1,0,1,1,1
773a98a8,Harold,Chapman,18,3,7,1,0,1,0,1,0,1
cf27962b,Ann,Scott,22,1,6,1,0,1,1,1,0,1
21f5502d,Angela,Montgomery,18,1,5,1,0,1,1,1,0,1
8ca2784e,Michelle,Nixon,19,1,6,1,0,1,1,1,0,1
ef173d4e,Daniel,Walters,34,1,12,1,0,1,1,1,0,1
c6c1f969,Tammy,Hudson,19,1,6,1,0,0,1,1,1,1
e374e24f,Shawn,Young,20,1,6,1,0,0,1,1,0,1
404ef431,Tracy,Marshall,20,1,6,1,0,1,0,1,1,1
1a869c90,Michael,Campbell,19,1,6,1,0,0,0,1,1,1
4ee41503,Jeffrey,Mclaughlin,21,1,7,1,1,1,0,1,0,1
7d7bd52a,Claudia,Shaw,18,4,6,1,0,1,0,1,0,1
d2a2f1ae,Dana,Bridges,21,6,7,1,0,1,0,1,0,1
5c3b240e,Emily,Gardner,22,5,6,1,0,1,1,1,0,1
823c972d,Jason,Stanton,33,1,8,1,0,0,0,2,0,1
077e5d57,Patricia,Smith,20,3,6,1,0,1,0,1,1,1
146e6545,Michelle,Stewart,35,1,5,1,0,0,0,2,0,1
ce8973fa,Rebecca,Williams,22,1,6,1,0,1,0,1,0,1
becfe897,Ryan,Mullins,20,1,6,1,0,1,0,1,0,1
dc0f505d,Susan,Turner,20,1,5,1,0,1,0,1,0,1
f71e8fb7,David,Parker,21,1,12,1,1,1,1,1,0,1
8ea844d1,Diane,Bolton,23,1,5,1,0,1,1,1,0,1
dc5be497,Karl,Munoz,24,1,6,1,0,1,0,1,0,1
e16868b0,Steven,Cooper,19,1,5,1,1,0,0,1,0,1
78a27f12,Mitchell,Wilkins,19,1,6,1,0,0,0,1,0,1
db41eba4,Emily,Horn,22,3,6,1,0,1,0,1,0,1
e025fb29,Jerry,Evans,36,1,5,1,0,0,0,2,0,1
2e979217,Susan,Lee,20,1,7,1,0,0,0,1,1,1
d22d2424,Laura,Simon,40,1,6,1,0,0,0,4,0,1
c3c4f420,Robert,Jackson,19,1,5,1,0,1,0,1,0,1
715d49f3,Jessica,Mitchell,20,1,7,1,0,0,0,1,0,1
a9842615,Mary,Pacheco,38,1,5,0,0,0,0,4,1,1
5ecb84da,Courtney,Maxwell,19,1,12,1,0,1,1,1,1,1
72e7ea27,Joshua,Fletcher,21,1,6,1,0,1,0,1,1,1
4c00a9cf,Daniel,Campos,18,2,8,1,0,1,0,1,0,1
6125aa47,Joshua,Woods,19,1,6,1,0,0,0,1,0,1
86dbdccd,Dawn,Strickland,22,1,6,1,0,0,0,1,0,1
d45cd5b5,David,Dunlap,22,1,17,1,1,1,0,1,0,1
fe8106be,Christopher,Ellison,20,1,6,0,0,0,0,1,0,1
2b15b0a6,Mary,Stephens,31,1,6,1,0,0,0,2,0,1
038569ec,Julie,Kelly,18,2,6,1,0,1,0,1,1,1
6d20f859,Danny,Swanson,21,1,5,1,1,0,0,1,0,1
e5b80d22,Brent,Vazquez,19,3,6,1,0,1,0,1,0,1
9245db28,Christopher,Cardenas,25,1,8,1,0,1,0,1,1,1
3efb8fee,Sara,Ballard,33,1,10,0,0,0,0,2,0,1
8260aeb9,Natasha,Floyd,20,1,7,1,0,1,0,1,0,1
fa3b5b35,Mason,Silva,19,2,5,1,0,1,0,1,0,1
7fb60a55,Kimberly,Anderson,20,3,6,1,0,1,0,1,0,1
83f63dbc,Bryan,Warren,18,1,6,1,0,1,0,1,0,0
61e3500e,Carla,Bradley,19,1,5,1,0,1,0,1,1,1
94ccecee,Gregory,Williams,24,1,8,1,0,1,0,1,1,1
79118ad3,Travis,Smith,19,3,5,1,0,0,0,1,0,1
4e584f1d,Katherine,Robinson,21,1,12,1,0,1,0,1,0,1
afa9594c,Richard,Young,18,1,6,1,0,0,0,1,0,1
d4d4f492,Scott,Bailey,24,1,7,1,0,0,0,1,0,1
fbc1574f,Teresa,Guzman,22,1,7,1,0,1,0,1,0,1
df00d0cb,Charles,Richard,44,1,6,1,0,0,0,4,1,0
dda3bf41,Ian,Russell,20,1,5,1,0,1,0,1,0,1
1a55d2e4,Matthew,Solomon,19,1,0,1,1,1,0,1,0,1
4bde2f17,Kyle,Smith,18,3,8,1,0,1,0,1,1,1
cca5b1d2,Stephanie,White,18,2,6,1,0,1,0,1,0,0
726f9854,Christopher,Kim,21,1,5,0,0,0,0,1,1,1
3b754ee4,Samantha,Bishop,20,5,6,1,0,1,0,1,0,1
0d7d25ee,Dan,Williams,18,1,6,1,0,1,0,1,1,1
9f0d4ef0,Charles,Navarro,18,2,5,1,0,1,0,1,0,1
ae66d7c9,Amanda,Jones,27,1,6,1,1,1,0,1,0,1
78cbca3b,Brandy,Hill,18,1,6,1,1,1,0,1,0,1
27757e9c,Michael,Singh,20,1,5,0,0,1,0,1,0,1
cfb9b0b8,Alyssa,Davis,19,2,5,1,0,1,0,1,0,1
bcd35d18,Mike,Bridges,20,1,6,1,0,1,0,1,0,1
b160fbfa,Anthony,Sanchez,22,2,6,1,0,1,0,1,0,1
114ae456,Kayla,Robinson,22,1,6,1,0,1,0,1,0,1
67042583,Andrew,Martinez,20,1,0,1,0,1,0,1,0,1
365b899d,Melissa,Nelson,18,3,6,1,0,0,0,1,0,1
1b42f08e,Valerie,Jennings,45,1,6,0,0,0,0,2,0,1
9c51e767,Heather,Lowery,25,1,5,0,1,0,0,1,0,1
fa1eaff8,Vincent,Osborne,20,2,5,1,0,1,1,1,0,1
d0ce5bd5,Rachael,Brennan,22,3,6,1,0,1,1,1,0,1
a90bcec1,Kathy,Robles,20,4,7,1,0,1,1,1,0,1
8056bd0a,Brian,Fox,18,1,6,1,0,1,0,1,0,1
5eab7e6a,Peter,Shepherd,21,5,5,1,0,0,0,1,0,1
c2aac665,Joseph,Poole,21,1,0,1,0,0,1,1,0,1
ead10582,Joseph,Thompson,18,2,6,1,0,1,1,1,0,1
e7dacfad,Jesse,Bray,18,2,5,1,0,0,1,1,0,1
592c2feb,Kerri,Pratt,25,1,6,1,0,1,1,1,0,1
e997f29d,Billy,Phillips,18,1,5,1,0,1,1,1,0,1
46fd9042,Alexander,Gonzales,21,1,6,1,0,1,1,1,0,1
936903c3,Robert,Stone,24,2,7,1,0,0,1,1,1,1
ee8921ed,Vernon,Bender,22,5,5,1,0,0,1,1,0,1
fc7db0f1,Matthew,Watts,28,1,13,1,0,1,1,1,0,1
8cd487dd,Joshua,Bishop,18,6,5,1,0,1,1,1,0,1
d2fdba30,Ryan,Taylor,21,1,5,1,1,0,1,1,0,1
8b99bb1f,Joann,Contreras,28,1,5,0,0,0,0,4,0,1
1bb0a27a,William,Wang,21,1,5,1,0,1,0,1,0,1
7325b1db,Jennifer,Bennett,20,2,6,1,0,1,0,1,0,1
9814b158,Danielle,Thompson,18,1,5,1,0,0,0,1,1,1
1ad584ce,Tiffany,Nelson,18,2,7,1,0,1,0,1,0,1
5849d48a,Nicholas,Garcia,30,1,5,0,0,0,0,4,0,1
db551e46,Tanya,Montoya,18,1,6,1,0,1,0,1,0,1
15210b23,Pamela,Lee,18,1,7,1,0,1,1,1,0,1
88fafed8,William,Perez,19,1,6,1,0,0,0,1,0,1
1c54266f,Eric,Johnson,20,2,6,1,0,0,0,1,0,1
92a9731b,Kevin,Bowen,32,1,7,1,0,0,0,2,0,1
7e65c231,Wendy,Fernandez,18,1,5,1,0,0,0,1,0,1
05ea894c,Mark,Thompson,21,4,6,1,0,1,0,1,0,1
e79ca59c,Jacob,Bush,18,2,6,1,0,1,1,1,0,1
12aa1c30,Andre,Richmond,20,1,6,1,0,1,1,1,0,1
f02b3d4f,James,Love,19,1,6,1,0,1,1,1,1,1
ac885223,Edward,Newman,25,1,10,1,0,1,1,1,0,1
