student_number,first_name,last_name,marital_status,previous_qualification_grade,admission_grade,displaced,debtor,tuition_fees_up_to_date,gender,scholarship_holder,age_at_enrollment,curricular_units_1st_sem_enrolled
09ace30d,Amy,Carlson,1,137.0,137.4,1,0,1,0,0,18,6
bc23ac1b,Matthew,Aguilar,1,140.0,124.6,1,0,1,0,0,18,7
a775781c,Samantha,Mosley,1,127.0,121.8,1,0,1,0,0,20,7
4517b137,James,Hernandez,1,151.0,157.0,1,1,1,0,1,18,6
3b79e780,Kevin,Vargas,1,138.0,131.0,1,0,1,0,0,18,5
ed603d92,Cheryl,Stevenson,1,127.0,118.8,1,0,1,1,0,19,7
136edae4,Alicia,Fritz,1,150.0,150.0,0,0,1,1,0,21,6
7afa7b30,Jordan,Jackson,1,143.0,138.8,0,0,0,1,0,18,5
6822a4fa,Daniel,Campbell,1,154.0,134.1,0,0,1,0,0,24,5
1544810b,William,Summers,1,139.0,121.3,1,0,1,0,1,19,8
5522ee37,Nathan,Evans,1,127.0,121.8,1,0,1,0,1,20,6
8843d6b6,Jeffrey,Boyer,1,125.0,115.2,1,0,1,0,0,18,0
f5a4f173,Laura,Guerrero,1,133.0,126.0,1,0,1,1,1,19,0
e35c0e6e,Matthew,Avila,1,127.0,130.2,1,0,1,1,0,19,6
c2adab9e,Jacob,Hall,1,116.0,120.9,0,0,1,1,0,24,6
0a40c7a3,Natalie,Burch,1,160.0,100.0,0,0,1,1,0,26,6
3ffb7673,Cassidy,Haney,1,148.0,134.0,0,0,1,1,0,18,5
ca06b63d,Anthony,Ross,1,120.0,125.5,0,0,1,1,0,18,5
eb728e6d,Marco,Smith,1,143.0,128.7,1,0,1,1,0,23,5
73e7463c,Zachary,Robinson,1,115.0,112.2,1,1,1,1,0,18,5
e53cb8b9,Derek,Walton,1,130.0,137.0,1,0,1,1,0,19,5
2cbda9df,Karen,Ayala,1,135.0,134.3,1,0,1,0,0,19,5
0b8716c2,Alex,Lopez,1,133.1,107.0,1,0,1,0,0,20,7
e4590659,Gabriela,Watkins,1,123.0,115.3,1,0,1,0,1,18,5
4f240360,Rachel,Ruiz,1,130.0,100.0,0,0,1,0,0,20,7
eabf00f9,Ronald,West,1,154.0,140.4,1,0,1,0,1,20,6
934a986d,Kurt,Mayer,1,120.0,113.4,0,0,1,0,0,20,5
4ebcc490,Sarah,Young,1,146.0,145.3,1,0,1,0,1,18,6
3b17f5c4,Kelsey,Lopez,1,117.0,112.1,0,0,1,0,1,20,7
0b465cb0,Susan,Byrd,1,99.0,99.7,1,1,0,0,0,22,5
aaf3951f,William,Murray,1,136.0,121.7,1,0,1,0,0,18,0
a104137c,Angela,Williamson,1,138.0,124.7,1,0,1,0,0,18,6
c4182be5,Laura,King,3,170.0,170.0,0,1,1,0,0,47,1
b035a457,Joe,Rodriguez,1,130.0,130.0,1,0,1,0,0,28,5
a72478ca,Rebecca,Greene,1,131.0,123.0,1,0,1,0,1,18,5
135f7c3a,Jonathan,Frey,1,140.0,140.0,0,0,1,0,1,26,6
9bc69b84,Raymond,Pierce,1,143.0,126.6,0,1,0,0,0,21,10
9f529381,Taylor,Howell,1,120.0,122.8,0,0,1,0,0,23,6
dcee6b22,Michael,Morrow,1,120.0,105.9,0,0,1,0,0,35,3
d3ecb74e,Chelsey,Rivera,1,130.0,145.0,0,0,1,0,0,25,7
ad62bf4e,Patrick,Sandoval,1,125.0,119.4,1,0,1,0,0,19,7
c7512b34,Martha,Harding,1,145.0,155.0,1,0,1,0,0,24,17
2962af75,Vincent,Lam,1,125.0,125.4,1,0,1,0,0,19,6
2cce3340,Sandra,Perez,1,127.0,123.2,1,0,1,0,0,18,6
aeb4510f,Garrett,Potter,1,116.0,110.8,0,0,1,0,0,18,6
0b09f2f2,Michael,Morrison,1,143.0,142.3,0,0,1,0,1,18,7
8af32c7d,John,Todd,1,123.0,113.9,0,0,1,0,0,18,6
8ea1a421,David,Caldwell,1,140.0,140.0,0,0,1,0,0,24,6
a73e102a,Maria,Crosby,1,119.0,115.5,1,0,1,0,0,19,6
2151174b,John,Wilson,1,160.0,147.8,0,0,1,0,0,20,7
a00538c5,Shannon,Hayes,1,141.0,128.8,1,0,1,0,0,19,5
45cd7b9a,Alan,Padilla,1,132.0,125.0,1,0,1,0,0,18,6
51379861,James,Hebert,1,135.0,136.8,1,0,1,0,0,18,5
c5de46ac,Cheyenne,Marshall,1,123.0,121.6,1,0,1,0,0,18,7
b04f122b,James,Elliott,1,129.0,125.9,1,0,1,0,0,19,5
832d5781,Kimberly,Meza,1,130.0,130.0,1,0,1,0,0,26,5
c13a2071,Amanda,Anderson,1,110.0,110.0,0,0,1,0,0,36,16
7f5c86ae,Ruth,Jimenez,1,96.0,100.0,0,0,1,0,0,20,6
b1eaa1a8,Steven,Smith,1,133.1,130.0,0,1,1,0,1,30,6
89494e9a,James,Glass,1,112.0,112.0,1,0,1,0,0,20,5
2ea48983,Nathan,Jones,1,136.0,133.0,1,0,1,0,0,19,7
3ac5262d,Joanna,George,1,134.0,131.2,0,0,1,0,0,19,5
55558f72,Lisa,Atkinson,4,130.0,148.0,0,0,1,0,1,31,5
41b97de9,Lance,Williams,2,133.1,104.0,0,1,1,0,0,42,11
2158d2ed,Edward,Nelson,1,125.0,116.6,1,0,0,0,1,18,7
9009456a,Lauren,Li,1,140.0,140.0,1,0,1,0,0,21,6
eb23a8ca,Beverly,Johnson,1,170.0,100.0,0,0,1,0,0,20,7
41408d8c,Heather,Sexton,1,135.0,121.0,0,0,1,0,0,19,6
6fa5ee00,Sherry,Acosta,1,134.0,122.5,1,0,1,0,0,22,6
c7825112,Amber,Clark,1,140.0,140.0,1,0,1,0,0,21,6
e47a05b1,Christina,Decker,1,150.0,140.0,0,0,1,0,0,26,7
2d0c07b1,Jonathan,Lowe,1,125.0,128.9,0,0,1,0,1,18,6
7c2fe319,Jessica,Williams,1,136.0,121.7,1,0,1,0,0,20,6
bf457da5,Lauren,Fisher,1,120.0,114.8,1,0,1,0,0,19,6
7a91c31a,Nicole,Mcdonald,1,128.0,127.0,0,0,1,0,0,19,6
21b40e66,Sandra,Roberts,1,116.0,112.2,1,0,1,0,0,20,5
d627aa98,Lauren,Wilson,1,122.0,118.2,0,0,1,0,1,20,6
bd9f1073,Steven,Phillips,1,147.0,100.0,0,0,1,0,0,18,2
30e4b91d,Colleen,Chaney,1,127.0,120.7,1,1,1,0,0,18,5
93245918,Matthew,Moyer,1,122.0,114.3,1,0,1,0,1,20,6
3bd6219f,Paul,Rodriguez,1,131.0,132.4,1,0,1,0,0,19,5
7cfb3e6e,Jason,Duran,1,148.0,129.8,0,0,1,0,0,20,6
c2227979,Victor,Kelley,1,133.0,131.3,1,0,1,0,0,20,6
28ed9d22,Crystal,Morton,1,128.0,118.6,1,0,1,0,1,21,6
a2eade60,Christopher,Clark,1,140.0,140.0,0,0,1,0,0,20,6
9d1c2089,Bryan,Fuller,1,101.0,101.0,1,1,1,0,0,22,6
05c1e6fc,Kimberly,Ballard,1,126.0,116.9,1,0,1,0,0,18,7
f8d13f36,Larry,Morrow,1,134.0,120.4,1,0,1,0,0,20,5
8eec48b6,Elizabeth,Phillips,1,125.0,132.0,0,0,0,0,0,18,6
e500b275,Andrew,Thomas,1,133.1,143.7,0,0,1,0,0,27,7
0c755e4b,Logan,Myers,1,140.0,152.8,0,0,1,0,0,26,7
3f946989,Ashley,Schwartz,1,121.0,120.7,1,0,1,0,0,18,6
9ae3bc6b,Bryan,Willis,1,133.1,100.9,1,0,1,1,0,24,5
a682392d,Nicholas,Davis,1,126.0,116.9,0,0,1,1,1,19,5
bdc69aec,Lori,Larson,1,117.0,118.4,0,0,1,1,0,20,5
cc4d0b68,Billy,Kim,1,127.0,121.1,1,0,1,1,1,18,5
c9c45b89,Rachel,Smith,1,133.0,121.8,0,0,1,1,0,20,5
8499b5e7,Kimberly,Collins,1,120.0,146.8,0,0,1,1,0,25,5
534f808c,Sean,Tate,1,133.1,138.0,0,1,1,1,0,22,6
324fea47,Andrew,Guerra,1,149.0,138.0,0,0,1,1,0,18,8
cc0a1b0f,Patricia,Lin,1,130.0,117.8,1,0,1,1,0,20,5
f7a4613c,Paul,Lee,1,130.0,130.0,1,1,1,1,0,23,6
53fc2155,David,Garcia,1,132.0,143.9,1,0,1,1,0,20,5
8858098e,Stephanie,Hernandez,1,121.0,116.8,0,0,1,1,0,20,5
77c3a5a5,Veronica,Davis,1,172.0,150.0,1,0,1,0,1,28,5
06cf7940,Jennifer,Becker,1,141.0,128.8,1,0,1,0,0,19,6
40f52644,Elizabeth,Stewart,1,133.0,126.7,0,0,1,0,0,19,7
7f6e4867,Matthew,Stephens,1,155.0,134.7,1,0,1,0,0,20,6
80080456,Kerri,Maldonado,1,119.0,113.2,0,1,1,0,0,20,6
3df13450,Robert,Willis,1,126.0,124.3,1,0,1,0,1,18,7
01adf6d2,Savannah,Wolfe,1,118.0,118.0,0,0,1,0,0,20,5
0696a54d,Caroline,Black,1,140.0,140.0,1,0,1,0,0,19,6
33d135b7,Brenda,Peters,1,117.0,109.7,1,0,1,0,0,19,6
c26f9767,Heather,Preston,1,120.0,123.2,0,0,1,0,0,27,5
0a2de33c,Alison,Parker,1,128.0,116.5,0,0,1,0,0,18,5
635a034e,Dawn,Cook,1,129.0,121.0,1,0,1,0,0,18,5
531f3a07,Belinda,Knox,1,143.0,133.8,1,0,1,0,0,18,8
e67f80c6,Katie,Sampson,1,130.0,131.8,1,0,1,0,1,19,5
9f20440a,Ricky,Murphy,1,135.0,121.0,0,0,1,0,0,21,6
fbdfb616,Troy,Boone,1,140.0,143.3,1,0,0,0,0,23,12
afc77e4a,Emily,Grant,1,125.0,114.9,1,1,1,0,1,19,6
8562936f,Melinda,Wade,1,135.0,121.0,0,1,1,0,0,18,6
e92665cc,Monique,Cervantes,1,117.0,117.4,1,0,1,0,0,19,7
0df9fa84,Jessica,Garza,1,133.0,126.7,1,0,1,0,0,18,6
0097b14a,David,Moore,1,140.0,130.0,0,0,1,1,0,21,6
f4acee22,Amy,Love,1,154.0,137.2,0,0,1,1,0,20,6
93db2449,Amy,Sharp,1,130.0,130.0,0,0,0,1,0,20,6
93d3950e,Hailey,Lee,2,123.0,123.0,0,0,1,1,0,37,5
9e7b8b4c,Stephanie,Chambers,1,142.0,138.5,1,0,1,1,0,18,6
26e825ca,Brian,Franco,1,115.0,113.6,0,0,1,1,0,23,6
5fae01eb,Michelle,Malone,1,141.0,133.3,1,0,1,1,0,18,6
2595e51a,Daniel,Carey,1,140.0,116.9,0,0,1,1,0,32,11
846d581a,Donna,Salazar,1,137.0,146.5,1,1,1,1,0,19,12
181440ce,Brandon,Gutierrez,1,137.0,144.7,1,0,1,1,0,20,0
22c87e19,Donald,Lester,1,133.1,100.0,0,1,1,1,0,40,5
94c0e886,Todd,Freeman,1,120.0,111.3,0,0,1,1,0,20,5
e3896212,Steven,Figueroa,1,150.0,150.0,1,0,1,0,0,20,5
c6ad737f,Anna,Turner,1,136.0,131.1,1,0,1,0,0,19,7
042ded58,Wyatt,Thomas,1,126.0,123.9,1,0,1,0,0,19,6
b8b1639f,Kevin,Jenkins,1,119.0,110.6,0,0,1,0,0,20,7
b1674c83,Diane,Gibson,1,154.0,129.0,1,0,1,0,0,18,8
006967bd,Calvin,Mccormick,1,127.0,137.2,1,0,1,0,0,18,6
bef4c301,Jamie,Bailey,1,130.0,130.0,1,0,0,0,1,22,6
8d0ea26c,Joseph,Smith,1,118.0,113.5,1,1,1,0,0,20,5
2a945615,Mary,Wilkins,1,143.0,141.3,0,1,0,0,0,23,6
571b3ccb,Yvonne,Vaughan,1,123.0,121.3,1,0,1,0,0,20,6
f4a91d16,Matthew,Johnson,1,130.0,120.0,0,0,1,0,0,21,5
a5d9389a,Meghan,Andrews,1,136.0,130.8,0,0,1,0,0,20,6
76f73ec7,Nicole,King,1,132.0,125.4,1,0,0,0,1,20,7
5ebc56a9,Erin,Leach,1,140.0,131.6,1,0,1,0,0,20,7
8cfa2a6b,Alex,Williams,1,120.0,120.0,0,1,1,0,0,21,5
4e9e3f63,Bobby,Mcintosh,1,133.0,121.8,1,0,1,1,0,18,5
2fed3ce4,Patrick,Rodriguez,1,131.0,126.6,1,0,1,1,0,23,7
bc9bbdbd,Jennifer,Carrillo,1,116.0,115.7,0,0,0,1,0,22,5
aeac162b,David,Christensen,1,122.0,113.3,1,0,1,0,0,18,5
907bf2f6,Justin,Benton,1,122.0,112.6,1,0,1,0,0,22,6
dcde67b9,Amanda,Gilbert,1,127.0,120.4,1,1,0,1,0,18,5
7e2960c9,Travis,Ward,1,135.0,131.5,0,0,1,1,1,21,7
19b77d8c,Catherine,Ray,1,112.0,113.8,1,0,1,0,0,21,6
4b1658fb,Jennifer,Mann,1,130.0,130.0,1,0,1,0,0,20,6
fb830584,Tina,Anderson,4,120.0,110.0,0,0,1,0,0,37,5
4b74985e,Shelly,King,2,133.1,100.0,0,1,1,0,0,37,8
6dee2773,Priscilla,Russell,1,140.0,129.3,1,1,1,0,0,28,6
b1f56d08,Elizabeth,Smith,1,125.0,122.2,1,0,1,0,0,18,5
36d0f24c,Glenn,Williams,1,100.0,121.3,1,0,1,0,0,34,8
7d6f259d,Rebecca,Hayes,1,150.0,150.0,0,0,1,0,0,31,6
50b23eb8,Shelley,Martinez,1,145.0,131.7,1,0,1,0,0,18,6
1738ce1e,Becky,Burns,2,133.1,130.0,1,0,1,0,0,31,6
56480f9c,Susan,Lloyd,1,149.0,141.0,0,0,1,1,0,18,5
d8ecb874,Lisa,Miles,1,150.0,120.0,0,0,1,1,0,24,5
db5ca9a0,Maria,Pitts,1,120.0,116.9,1,1,0,1,0,18,5
fca5c05c,Brian,Johnson,2,100.0,113.0,0,0,1,1,1,41,5
82c4873e,Patrick,Moreno,2,130.0,145.6,0,0,1,1,0,34,5
2cd84015,Desiree,Warner,1,113.0,107.8,1,0,1,0,1,20,7
4f6b9900,Kevin,Montgomery,1,130.0,130.0,1,0,1,0,0,22,6
cf94114b,Jason,Frank,1,120.0,115.1,0,0,1,0,1,18,6
be776a7e,Daniel,Yang,1,125.0,118.0,0,0,1,0,1,18,6
b615686c,Donna,Nelson,1,124.0,121.6,0,0,1,0,0,18,6
9d0db18d,Stacey,Aguirre,1,163.0,146.6,1,1,1,0,0,18,6
8bc6d5aa,Shane,Parks,1,145.0,142.2,0,0,1,0,0,19,6
245efed6,Samantha,Mcconnell,1,117.0,120.0,1,0,1,0,0,21,6
46163d2e,Michelle,Collins,1,114.0,108.8,1,0,1,0,0,18,7
5aecf141,Timothy,White,1,133.0,133.0,0,0,1,0,0,18,0
e37f5a17,Jason,Roberts,1,121.0,120.0,1,0,1,0,0,18,6
28afb290,Randall,Robles,1,123.0,113.2,0,0,1,0,0,21,10
d0483730,Dakota,Johnson,1,113.0,106.7,1,0,1,0,1,20,7
4776646c,Jeffrey,Snyder,1,120.0,140.0,0,0,1,0,0,25,5
6829c0b3,Charles,Everett,1,130.0,159.0,1,0,1,0,0,25,7
4012f11a,Samantha,Ward,1,170.0,140.0,1,0,1,0,0,24,6
bd83bf75,Craig,Smith,1,138.0,131.0,1,0,1,0,0,19,5
1e4e8c3d,Ashley,Harris,1,121.0,123.8,0,0,1,0,1,19,5
26d1d7ca,Jacob,Ingram,1,132.0,122.6,1,0,1,0,1,20,5
67d8e96f,Rebecca,Martinez,1,131.0,132.8,1,0,1,0,0,18,0
6d915b84,Bradley,Fisher,1,120.0,115.8,0,0,1,0,0,18,7
4e1f9372,Matthew,Rubio,1,112.0,107.8,1,0,1,0,0,19,5
28eebf09,Monica,Maynard,1,138.0,127.5,1,0,1,0,0,19,7
404d3a29,James,Smith,1,118.0,117.3,1,0,1,0,0,19,5
87427bb5,Frances,Rhodes,4,130.0,130.0,1,0,1,0,0,32,7
3bd87e6c,John,Small,1,130.0,115.2,0,0,1,1,0,24,5
393c1058,Bobby,Bryant,1,133.1,96.0,1,0,1,0,0,19,7
fa53b5e3,James,Santana,2,120.0,120.0,1,0,1,0,0,45,11
237795ea,Stephanie,Curtis,1,125.0,128.5,1,0,1,0,0,18,7
bd6850ce,Christopher,Blake,2,133.1,120.0,0,1,1,0,0,37,6
74c1517c,Benjamin,Woods,1,123.0,113.2,0,0,1,0,1,20,6
51012434,Shawn,Burnett,1,126.0,121.3,1,0,1,0,1,18,7
bf880063,Daniel,Garza,1,140.0,140.0,1,1,1,0,0,21,9
cdb6893f,Preston,James,1,133.1,100.0,0,0,1,1,0,25,5
26e45da4,Joann,Walsh,1,140.0,140.0,1,1,1,0,0,21,6
5eeb8764,James,Rivera,1,170.0,170.0,1,0,1,0,0,19,5
e43a46e3,Andrew,Shepard,1,140.0,135.0,0,1,1,0,0,23,11
05815875,Nathan,Hall,1,121.0,113.7,0,0,1,0,0,18,6
9b61a7ae,Kathleen,Parks,1,133.1,116.5,0,0,1,1,1,24,6
f508f828,Ashley,Smith,1,129.0,132.9,1,0,1,1,1,20,6
f398f518,Amy,Johnson,1,120.0,117.2,0,0,1,1,1,18,5
851dd5d8,Jason,Mccoy,1,118.0,123.3,1,0,1,1,0,26,6
93d0b52e,Bradley,Holmes,1,127.0,118.3,1,0,1,0,0,18,6
9a929d9a,Alicia,Lin,1,123.0,113.6,1,0,1,0,0,19,5
8765f10e,Katherine,Coleman,1,123.0,115.3,1,0,1,0,0,20,7
2892991b,Joseph,Murillo,1,125.0,118.7,1,0,1,0,0,18,5
f3b731a4,James,Brown,1,101.0,98.9,1,0,1,0,0,21,6
cebcc995,Andrea,Marshall,1,120.0,113.4,0,0,1,0,0,18,6
cbcef0ea,Kelly,Pittman,1,107.0,103.5,1,0,1,0,0,20,6
517b23fa,Nancy,Burns,1,126.0,126.0,1,0,1,0,0,19,6
70e8b3ee,Laura,Anderson,1,133.1,121.7,0,0,1,0,1,27,7
8bc78501,Dustin,Johnson,1,147.0,142.8,1,1,0,0,1,19,5
99027657,Brad,Young,1,128.0,120.5,1,0,1,0,1,19,7
67df44a9,Evan,Hughes,1,140.0,144.9,1,1,0,0,0,23,11
4020303c,Diane,Carpenter,1,108.0,105.9,0,0,1,0,1,20,6
12075127,Jeremy,White,1,132.0,124.3,0,0,1,0,0,20,6
8bd09c36,Michelle,Morrow,1,136.0,122.7,1,0,1,1,0,18,5
c6053320,Michele,Welch,1,118.0,112.4,1,0,1,1,0,21,5
9675b28c,Tyler,Ford,1,133.1,138.0,1,0,1,0,0,20,6
fe4e5cb4,Michael,Wood,1,140.0,138.3,1,0,1,0,0,18,0
18a21dba,Kari,Watkins,1,132.0,124.3,1,0,1,0,0,19,6
2454b5fb,Jack,Perkins,1,122.0,126.9,1,0,1,0,1,19,6
aa057732,Jenna,Simpson,1,127.0,123.5,1,0,1,0,1,19,5
101727b6,Michael,Rojas,1,140.0,129.5,1,0,1,0,0,18,5
1bab174e,Jeanne,Huff,1,143.0,133.2,1,0,1,0,0,19,6
c769cdb2,Victoria,Stevenson,3,138.0,133.5,1,0,1,0,1,21,6
470ea076,Wanda,Harmon,1,129.0,122.0,1,0,1,0,1,18,6
db3bee20,Cindy,Martin,1,130.0,125.1,1,0,1,0,1,18,7
9b467de1,Susan,Wilkerson,1,160.0,160.0,0,1,1,0,0,19,6
72073e25,Michael,Johnson,1,121.0,114.0,0,0,1,1,0,20,5
0ef34319,Tracy,Thomas,1,123.0,117.8,0,0,1,1,0,20,5
328ea73c,Rick,Sanford,1,122.0,114.3,1,0,1,1,0,18,7
bc5ecf8a,Kevin,Shaw,1,136.0,129.7,1,0,1,1,0,19,6
1956aeb5,Catherine,Ramos,1,121.0,122.4,1,0,1,1,0,19,5
e69843ca,Jeffrey,Porter,1,135.0,135.0,1,0,1,1,0,20,6
4d7adbcd,Scott,Burch,2,126.0,122.9,1,0,1,1,0,21,5
220273c3,Todd,Sanchez,1,120.0,124.2,1,0,1,1,0,18,5
294fec24,Stephen,Dorsey,1,130.0,130.0,1,0,1,1,0,20,6
c1b0ee1e,Leslie,Martin,1,131.0,123.7,1,0,1,1,0,20,5
efe31a5a,Brandy,Mcdowell,1,133.1,96.0,1,0,1,0,1,25,6
a670c0a0,Sydney,Collins,4,140.0,150.0,0,0,1,1,0,28,6
11eadb8f,Bobby,Paul,2,130.0,163.7,0,0,1,0,0,35,7
411f7078,Mackenzie,Brown,1,130.0,130.0,0,0,1,0,0,27,8
24f53f1b,Mark,Santiago,1,160.0,160.0,0,0,1,0,1,31,5
40d75847,Tabitha,Reeves,2,133.1,150.0,0,0,1,1,0,47,5
e7b21057,Brian,Hall,1,133.0,141.4,0,0,1,1,1,20,0
8554c1ce,Lindsey,Blackburn,1,134.0,141.7,1,0,1,1,0,18,0
b2697730,Sara,Mendoza,4,133.1,100.7,0,0,1,0,0,39,6
cc81799b,Brittany,Kaufman,1,180.0,180.0,0,1,1,1,0,30,5
c0960daf,Angela,Ewing,2,140.0,140.0,0,0,1,0,0,41,6
df720fed,Jonathan,Skinner,1,125.0,122.2,0,0,0,0,0,18,6
722fd5c6,Cynthia,Franklin,1,139.0,143.6,1,1,1,1,0,18,5
6594a2d2,Larry,Thompson,1,133.1,100.0,0,0,1,1,0,20,7
53aab52c,Elizabeth,Jacobs,1,137.0,130.0,1,0,1,0,0,21,6
afc7966c,Krystal,York,1,140.0,140.0,1,1,0,0,0,20,6
3f76715d,Samuel,Wallace,1,106.0,106.0,0,0,1,0,0,20,6
acba9c86,Ryan,Alexander,1,137.0,137.0,0,1,1,0,0,19,7
26461130,Melissa,James,2,121.0,114.4,1,0,1,0,0,45,12
7509c953,Stephen,Adams,1,100.0,120.7,0,0,1,0,0,28,5
ecce0514,Daniel,Young,1,158.0,164.3,1,0,1,1,1,18,0
25345ff3,Steven,Hill,1,133.0,122.5,1,0,1,0,0,18,6
c7aa6237,Lauren,Peterson,1,132.0,131.3,1,0,1,0,0,18,5
9671cb3e,Allen,Short,1,133.1,117.0,1,0,1,1,0,21,5
7dafe7d6,Theresa,Davis,1,120.0,122.8,1,0,1,1,0,18,5
937fbcb2,Kyle,Wilson,1,118.0,118.4,1,0,1,1,0,19,5
50e3a7b1,Brenda,Bailey,1,127.0,128.1,0,0,1,1,0,19,5
1072fe91,Richard,Lozano,1,133.1,99.0,1,0,1,1,0,22,7
4649a61c,Noah,Jackson,1,110.0,111.3,0,0,1,1,0,21,6
702e3b66,Dylan,Whitney,1,125.0,121.5,1,0,1,1,0,18,6
95f2a4fd,Scott,Hunt,1,130.0,130.0,1,1,1,1,0,20,12
60b32ffb,Nicole,Garcia,1,128.0,125.2,1,0,1,1,0,18,6
81bdfa91,John,Gillespie,1,134.0,123.9,1,0,1,1,0,18,5
0dbc0d2e,Traci,Hernandez,1,130.0,100.0,0,0,1,1,0,54,13
98bcd634,John,Gonzales,1,141.0,124.3,0,0,1,0,0,19,8
b4ee95e8,Scott,Clark,1,120.0,120.0,0,0,1,0,0,27,5
964c3bc5,Angela,Scott,1,130.0,129.0,0,0,1,0,0,20,5
19164a9e,Anna,Nguyen,1,136.0,152.5,1,0,1,0,0,20,0
29a23cb2,Gregory,Williams,1,150.0,138.1,1,0,1,0,0,19,6
40cb761d,Timothy,Miller,1,133.1,127.7,0,0,1,0,0,25,5
8fb71c91,David,Lloyd,1,128.0,124.5,1,0,1,1,0,19,5
32b3516f,Carrie,Gray,1,117.0,109.3,0,0,1,1,0,19,6
694b5672,Taylor,Carr,1,124.0,121.2,1,0,1,1,0,20,0
7a693226,Marie,Roy,1,131.0,123.3,0,0,1,1,0,19,5
36933b0a,William,Graves,1,131.0,135.9,0,0,1,1,0,18,5
d304b3e2,Kelsey,Wood,1,117.0,117.0,1,0,1,1,0,19,5
5da97bee,Stephanie,Diaz,1,130.0,130.0,0,0,1,0,0,31,6
75870c7c,Nicholas,Stephenson,1,140.0,140.0,0,1,0,0,0,24,6
fd6c846a,Seth,Kim,2,100.0,130.0,0,0,1,1,1,33,8
e1f73710,Brenda,Gardner,1,130.0,130.0,1,0,1,0,1,20,6
8959cbd0,Douglas,Singh,2,140.0,172.0,0,0,1,1,0,44,11
e8fa289f,Terri,Weber,1,130.0,118.1,1,0,1,1,0,18,7
1a115228,Monique,Zimmerman,1,122.0,116.1,1,0,1,1,0,19,6
93749043,Stephanie,Rivera,1,120.0,120.0,1,0,1,1,0,21,9
a75828bb,Jorge,Washington,1,152.0,134.2,1,0,1,1,0,20,6
5aa389b8,Christopher,Coleman,1,150.0,150.0,0,0,1,1,0,20,5
a33f58ad,Daniel,Rose,1,150.0,143.4,0,0,0,1,1,18,5
dfce69a4,Steven,Hartman,1,145.0,143.6,0,1,1,1,0,19,12
27b6c98d,John,Jenkins,1,170.0,170.0,0,0,0,1,0,26,8
fc8ebf04,Roy,Jordan,1,116.0,115.2,0,1,1,1,0,32,7
eb52b88f,Tammy,Pope,1,134.0,121.4,1,0,1,0,1,23,6
f165385e,Sophia,Sanders,1,133.1,134.8,0,0,1,0,0,24,5
2479b8da,Misty,Torres,1,140.0,140.0,1,0,1,1,0,25,6
a58c7a06,Jeffrey,Hampton,1,108.0,112.2,1,0,1,1,0,19,6
e2c148a3,Brittany,Jackson,1,133.1,139.0,0,0,1,1,0,21,6
bcc6ea58,Megan,Romero,1,122.0,116.1,1,1,1,1,0,19,5
6ab098f1,Jeffrey,Holland,1,123.0,110.0,0,0,1,1,0,25,5
42f7f6a8,Karen,Goodman,1,136.0,118.4,1,0,1,0,0,21,7
7c2f0d18,Mark,Chavez,1,117.0,111.1,0,0,1,1,1,19,5
4555c47f,Mark,Bush,1,131.0,126.8,0,0,0,1,1,18,5
73088592,Stacy,Crawford,1,133.1,140.0,0,1,1,1,0,24,6
2e8a6721,Diana,Newman,1,130.0,130.0,1,0,0,0,0,19,6
619d6aa2,Johnny,Hunter,1,122.0,114.8,1,0,1,0,1,19,7
64b3add0,Timothy,Lee,1,162.0,138.6,1,0,1,0,0,19,5
53851961,Amanda,Warren,1,125.0,118.4,1,0,1,0,0,21,5
75cde2d3,George,Herring,1,128.0,122.1,0,0,1,0,1,18,5
53f1487e,Brandon,Contreras,2,133.1,109.0,1,0,1,0,0,39,7
cce74ccf,Susan,Allen,1,128.0,121.0,1,1,1,1,0,20,5
a7b7e464,William,Kaufman,1,135.0,122.1,0,0,1,1,0,19,6
f9a79f47,Lori,Flores,2,130.0,130.0,0,0,1,1,0,27,2
69d5843e,Joshua,Bennett,1,110.0,125.9,0,0,1,1,0,34,5
b16f0657,Andrew,Mays,2,160.0,160.0,0,1,1,1,0,41,7
d1cd306c,Ashley,Herrera,2,133.1,115.2,0,0,1,0,0,48,7
3122a626,Rebecca,Adkins,1,147.0,145.3,1,0,1,0,0,18,0
984e07bc,Luke,Chandler,1,124.0,132.1,1,0,1,0,0,19,6
ff3b8048,Charles,Burke,1,105.0,102.6,0,0,1,0,0,21,6
9839075b,Kathleen,Lynch,1,112.0,106.1,1,0,1,0,0,19,6
3584cf96,William,Acosta,1,151.0,100.0,0,1,1,0,0,20,6
bb5dc342,Adam,Smith,1,140.0,140.0,1,0,1,0,0,20,6
9139134f,Brenda,Parker,1,142.0,132.6,0,0,1,0,0,18,6
cef990f7,Dawn,Green,1,123.0,124.8,0,0,0,0,1,18,6
180f70e4,Jerry,Jackson,1,140.0,133.8,1,0,1,0,0,17,8
ef1d98bf,Matthew,Harris,1,125.0,122.6,1,0,1,0,0,18,6
594bf124,Henry,Taylor,1,130.0,130.0,1,1,0,0,0,24,9
890f2bb1,Becky,Harris,1,128.0,125.8,0,0,1,0,1,20,8
c1bc6584,Beth,Miles,1,135.0,121.0,1,0,1,0,0,18,5
adc52aac,Dustin,Shields,1,146.0,128.2,0,1,1,0,0,18,6
f3654478,Joseph,Shepard,1,122.0,112.6,0,1,1,0,0,20,11
6a7e0344,Nathan,Rose,1,118.0,110.0,1,0,1,0,0,19,7
af35aab2,Christopher,Anderson,1,140.0,140.0,0,0,1,0,0,20,6
7e8077ba,Karen,Henderson,2,140.0,130.0,0,0,1,0,0,34,5
663c7765,Anita,Faulkner,1,120.0,112.0,1,0,1,0,0,18,6
9242c0a4,Kristen,Thomas,1,120.0,119.5,0,1,1,0,0,25,6
c09e5868,Lawrence,Willis,1,100.0,101.8,1,0,1,0,0,21,6
cf31f88b,Jeffrey,Sandoval,2,120.0,170.0,0,0,1,0,0,34,5
3c100ffc,Kent,Rivas,1,127.0,133.5,1,0,1,1,0,17,0
9d7a5cae,Lauren,Garrett,1,100.0,153.0,0,0,1,1,0,22,6
bc3b60d2,Cassandra,Kim,1,138.0,123.0,1,0,1,0,0,19,7
3d46a2aa,Edward,Carney,1,150.0,150.0,0,0,1,0,0,20,6
11cdf966,David,Vance,1,123.0,123.7,1,0,1,0,0,19,6
2d91ff2a,Jessica,Preston,5,133.0,119.7,1,0,1,0,0,21,5
6715f0de,Janet,Evans,1,133.1,117.0,0,0,1,0,0,21,6
daf1a2d2,Maria,Thomas,1,127.0,121.1,0,0,1,0,1,18,7
684d2399,Kathleen,Le,1,145.0,146.1,1,0,1,0,0,18,6
3d74a275,Daniel,Sparks,1,138.0,126.8,1,0,1,0,0,18,5
e1aecea4,Arthur,Parker,1,150.0,150.0,1,0,1,0,0,19,5
4873c11b,William,Galvan,1,133.0,134.8,1,0,1,0,0,18,0
5982f6ae,Jessica,Cervantes,1,125.0,126.8,0,0,1,0,0,18,6
da32a2cb,Nathan,Jones,1,137.0,131.1,1,0,1,0,0,18,7
672210d7,Yolanda,Weber,1,143.0,131.8,1,1,0,0,0,18,6
133e9df9,Emily,Duran,1,130.0,130.0,1,0,1,0,0,21,6
d29c0048,Lisa,Larson,1,137.0,143.3,1,0,1,0,0,18,0
812024dc,Catherine,Kelley,1,133.0,136.2,1,0,1,0,0,19,6
486c6c3f,Aaron,Castillo,1,124.0,126.8,0,0,1,0,1,18,6
40d310e5,Jonathan,Lopez,1,144.0,129.3,1,0,1,1,1,18,0
9d296f5c,Ashley,Fletcher,1,142.0,127.3,0,0,1,1,0,18,5
39b693a8,Richard,Hall,1,133.1,98.0,1,0,1,1,1,19,6
b8a63aad,Donna,Martin,1,130.0,122.0,1,0,1,1,0,20,5
ba112ddd,Deborah,Hernandez,1,117.0,112.5,1,0,1,1,0,19,6
d65b21ce,Stephanie,Jackson,1,180.0,180.0,0,0,1,1,1,20,7
7d115a62,Adam,Wallace,1,130.0,130.8,0,0,1,1,0,22,5
a584048d,Scott,Jenkins,1,133.1,109.0,1,0,1,1,1,22,5
850b935a,Anthony,Smith,1,126.0,130.2,0,0,1,1,0,19,5
13e27055,Brian,Young,1,133.0,130.2,0,0,1,1,0,19,6
626be8ae,Troy,Austin,1,146.0,100.0,0,0,1,1,0,18,5
ed10b71a,James,Reynolds,1,118.0,121.2,0,0,1,1,1,18,6
2dc16c92,James,Pena,1,123.0,117.8,0,0,1,1,0,19,6
650439ac,Erica,Mendez,1,130.0,110.0,0,0,1,1,0,24,6
92def2bb,Brittany,Conway,1,133.1,138.3,1,1,0,1,0,25,6
5a04ba1d,Jacob,Zuniga,2,130.0,127.8,0,0,1,1,0,37,5
46bcbb11,Melissa,Ray,1,128.0,100.0,0,0,1,1,0,19,5
bf956f33,Gloria,Nichols,1,128.0,124.7,0,0,1,1,1,19,7
9f5800e4,Michael,Bradley,1,136.0,124.1,0,0,1,1,1,21,8
b76fa960,Juan,Lynch,1,130.0,130.0,0,0,1,1,0,20,7
fcdc122e,Joshua,Baldwin,1,122.0,116.1,0,0,1,1,1,19,6
af9fd204,Jessica,Martinez,1,110.0,114.3,1,0,1,1,0,42,6
f5a70208,Daniel,Anderson,1,106.0,104.6,0,0,0,1,0,21,6
99fd51e2,Allen,Meyer,1,132.0,136.6,1,0,1,1,0,19,6
bd7ee2c9,William,Jackson,1,140.0,140.0,0,0,1,1,0,21,6
ef5814ba,John,Richards,1,140.0,138.3,0,0,1,1,0,20,6
2dfd5298,Carolyn,Grant,1,136.0,117.5,0,0,1,1,0,19,5
19c98e9c,Jason,Bell,1,140.0,140.0,0,0,1,1,0,23,7
3be18391,Brian,Cook,1,131.0,125.1,0,0,1,1,0,18,6
f0d74084,Dana,Weaver,1,130.0,118.8,0,1,1,1,1,22,5
e43e46cf,Jamie,Padilla,1,136.0,125.2,1,0,1,1,0,19,5
ac0796a7,Samantha,Wagner,1,110.0,107.6,1,0,1,1,1,22,6
d1972b24,Mary,Casey,1,160.0,100.0,0,0,1,1,0,38,6
3cdbd321,Lauren,Duran,1,110.0,126.0,1,0,1,1,0,27,7
c23d2fb9,Theodore,Randall,1,129.0,121.6,1,0,1,1,0,19,5
3f3342ae,Jerry,Barber,1,122.0,114.7,0,0,1,1,0,20,5
eca8eb4e,Jason,Ayers,1,139.0,133.1,1,0,1,1,0,18,5
844c9acd,Rodney,Gibson,1,132.0,120.5,0,0,1,1,0,19,6
cf7f4177,Bradley,Smith,1,139.0,110.3,0,1,1,1,0,24,5
1b0be32c,Anthony,Taylor,1,140.0,140.0,1,0,1,1,0,22,5
96caaafb,Ralph,Walsh,1,144.0,132.8,0,0,1,1,1,19,6
ebd5f0ed,Ann,Sanchez,1,131.0,127.2,1,1,1,1,0,23,17
96f79a05,Michelle,Harris,1,140.0,133.4,1,0,0,1,0,29,6
f3473964,Kathleen,Jones,1,140.0,140.0,0,0,1,1,0,20,6
7704dc09,Charles,Lopez,1,125.0,117.0,1,0,1,1,0,22,0
115b6c07,Samuel,Reilly,1,117.0,110.7,1,0,1,1,0,20,6
21b96931,Sarah,Smith,1,150.0,160.0,1,0,1,1,0,24,5
b46ba914,Kyle,Ryan,1,130.0,130.0,0,1,1,1,0,21,12
e0674f97,Jamie,Green,1,127.0,115.8,0,0,1,1,0,20,5
75ac693c,Adam,Luna,1,125.0,126.1,1,0,1,1,0,22,6
8d4153dc,Lisa,Robinson,1,135.0,126.3,0,0,1,1,0,18,5
fd00a082,Maria,Shaw,1,128.0,124.2,1,0,1,1,0,22,6
4ac93f87,Sean,Marshall,1,135.0,136.1,1,0,1,1,0,19,6
c1ebaed5,Jesse,White,2,150.0,120.0,0,0,1,0,0,43,5
12a63550,Melvin,West,1,133.1,129.8,0,0,1,1,0,24,7
402ac0fe,Rachel,Burns,1,135.0,126.6,1,0,1,1,0,18,5
f1436137,Becky,Green,2,160.0,120.0,0,0,1,1,0,21,5
e1c44d2b,Jacob,Logan,1,100.0,108.3,0,0,1,1,0,39,6
feb3ff49,Darrell,Wilson,1,120.0,100.0,0,0,1,1,0,34,7
b0f50531,Ricardo,Williams,1,130.0,118.1,0,1,0,1,0,18,0
8d7e7599,Rachel,Williams,1,130.0,130.0,0,0,1,1,0,21,12
fb5290da,James,Lopez,1,166.0,146.4,0,0,1,1,0,27,5
b2e1d443,Tricia,Flores,1,146.0,148.5,1,0,1,1,0,18,5
62857d99,Elizabeth,Craig,1,140.0,140.0,0,0,1,1,1,20,6
50740021,Brian,Smith,1,150.0,150.0,1,0,1,1,0,19,6
7d9d48b9,Thomas,Adkins,1,160.0,140.8,1,0,1,1,0,23,6
843c6824,Susan,Hernandez,1,120.0,120.0,1,0,1,1,0,22,0
f0100aed,Ricardo,Johnson,1,133.0,123.2,1,0,1,1,0,20,5
a667d684,Miranda,Gray,1,124.0,127.9,1,0,1,1,0,20,6
0eea3286,Lindsay,Ford,1,128.0,120.3,0,0,1,1,0,19,5
8cfaa8bd,Jeffrey,Velasquez,1,190.0,190.0,1,0,1,0,0,18,7
22155c9e,Regina,Garcia,1,122.0,121.0,1,0,1,1,0,20,5
455d3173,Timothy,Faulkner,1,138.0,126.3,1,0,1,0,1,18,6
a6431ad8,Sheryl,Berry,1,141.0,130.2,1,0,1,0,0,19,6
cc015b96,Sergio,Barnett,1,100.0,100.0,0,0,1,0,0,19,5
a6884706,Kathy,Rodriguez,1,140.0,140.0,0,0,1,0,0,19,6
43892ce5,Susan,Mccann,1,145.0,153.1,1,0,1,0,1,20,6
8f2171b4,Scott,Reed,1,134.0,124.9,1,1,1,1,0,18,5
db8a4735,Tonya,Meyers,1,163.0,150.8,1,0,1,1,0,18,5
3583fd89,Jessica,Barnett,1,165.0,163.6,1,0,1,0,0,18,0
98843b7e,Megan,Chen,1,142.0,115.0,0,0,1,0,0,19,5
32ae55e2,Barbara,Cox,1,133.0,126.0,0,0,1,0,0,20,6
affa9db4,Dana,Peters,1,140.0,105.0,0,0,1,0,0,26,6
a8bfac70,Denise,Dickerson,1,133.1,139.4,0,1,1,0,0,41,5
9382a438,Megan,Lucero,1,150.0,138.5,0,0,1,0,0,26,5
e991a27f,Troy,Turner,1,115.0,108.7,1,0,1,0,0,21,5
3d163aba,Emily,Case,1,133.1,106.0,1,0,1,0,0,24,5
e553a8b1,Scott,Bailey,1,134.0,127.4,1,0,1,0,0,18,6
aad9e3d8,Robert,Leonard,1,133.1,95.0,1,1,0,0,0,22,7
d60f9254,David,Cummings,1,115.0,115.0,1,0,1,0,0,23,5
5cbfb294,Mark,Carter,1,130.0,121.3,1,0,1,0,0,21,5
8d78a814,Michael,Harper,1,118.0,121.2,1,0,1,0,0,18,6
fa754c2c,Harold,Neal,1,122.0,112.9,1,0,1,0,0,22,6
7183ac8a,Wayne,Woodard,1,100.0,115.9,0,0,1,0,0,29,10
1d94d4e8,Jonathan,Berry,1,137.0,125.3,0,0,1,1,0,19,7
8890f848,Michelle,Abbott,1,120.0,111.3,0,0,1,1,1,18,5
b7d9d582,Mark,Vega,1,120.0,144.8,0,0,1,1,0,28,5
58d26642,Stacey,Yoder,1,132.0,129.9,1,0,1,1,0,20,6
e97728f9,William,Cook,1,150.0,126.4,0,0,1,1,0,26,7
ef38d45a,Tanya,King,1,127.0,121.4,0,0,1,1,0,20,7
5a162d8d,Kenneth,Carroll,1,114.0,111.9,1,0,1,1,1,20,6
b3058c5d,Justin,Diaz,2,133.1,100.5,1,0,1,1,0,43,8
06c05bbd,Jennifer,Mills,1,138.0,123.3,1,1,1,1,0,18,5
a1beb112,Jerry,Moody,2,160.0,114.3,0,0,1,1,0,40,5
426bb911,Sarah,Crane,1,133.1,97.0,0,0,1,1,0,27,6
2c936ce6,Jason,Nelson,1,140.0,140.0,1,1,1,1,0,26,6
344e0704,Jennifer,Chapman,1,126.0,122.5,1,0,1,1,0,20,5
84ce69ad,Roger,Mayer,1,130.0,115.7,0,0,1,1,0,20,5
a24e142e,Peggy,Hernandez,1,140.0,166.0,1,1,1,1,0,20,5
489913f8,Becky,Lang,1,120.0,125.3,0,1,1,1,0,30,7
9ac4f35f,Marvin,Wright,1,115.0,109.1,0,1,0,1,0,21,6
7d781922,Douglas,Wiley,1,109.0,108.0,0,0,1,1,0,19,5
b524145e,Meghan,Allen,4,160.0,130.0,0,0,1,0,0,25,7
519c893f,Philip,Anderson,2,110.0,112.8,0,0,1,0,1,26,7
85044b2d,Jennifer,Duncan,1,129.0,128.3,1,0,1,0,0,19,5
0d44ee48,Sheri,Vasquez,1,127.0,100.0,0,0,1,0,0,21,6
47d2f57d,Elaine,Alexander,1,138.0,123.0,1,0,1,0,0,21,5
592330e6,Destiny,Gonzalez,1,130.0,120.0,0,0,0,0,0,26,6
95084362,Victoria,Greene,1,131.0,122.0,1,0,1,0,0,20,8
19a9a0e2,Tiffany,Green,1,118.0,110.7,1,0,1,0,0,18,6
018bc56f,Kristin,Williams,1,106.0,102.2,1,1,1,1,0,20,7
d8eac8bd,Monica,Williams,1,120.0,120.0,0,0,1,1,0,23,6
2dc9712c,Andre,Wilkerson,1,130.0,130.0,0,0,1,1,0,20,6
b5241e58,Christopher,Cook,1,120.0,100.0,0,0,1,0,0,45,9
affca6fc,Isabella,Gonzalez,1,100.0,111.0,1,0,1,0,1,26,6
765953d6,Nathan,Henderson,1,130.0,130.1,0,0,1,0,0,25,5
3ba7dd93,Kathleen,Reynolds,1,124.0,117.5,1,0,1,1,0,19,8
a276dcc2,Robert,Hatfield,1,126.0,120.2,0,0,1,0,1,19,7
a755f408,Brandon,Scott,1,141.0,136.1,1,0,1,0,1,18,0
ac1b132e,Judith,Martin,1,129.0,122.4,1,0,1,0,0,19,5
9a0289c6,James,Wolf,1,119.0,105.0,1,0,1,0,0,23,6
7863e575,Matthew,Jones,1,132.0,129.9,1,0,1,0,0,20,6
93c41762,Heather,King,1,120.0,111.3,1,0,1,1,0,19,5
b9109d1f,Katherine,Johnson,4,130.0,127.6,0,0,1,1,0,29,5
4c522d7d,Jennifer,Webb,1,122.0,126.6,1,0,1,0,0,18,6
4469ab21,Kimberly,Keller,1,126.0,120.1,1,0,1,0,0,19,7
276c594c,Nancy,Smith,1,129.0,117.8,0,0,1,0,1,19,5
5cbb2d94,Megan,Williamson,1,127.0,117.6,1,0,1,0,0,18,6
739b4ab0,Howard,Mccall,1,115.0,109.1,1,0,1,0,1,19,6
991673d6,Harold,Schwartz,1,125.0,120.3,1,0,1,0,0,19,7
4588d4c8,William,Lee,1,129.0,136.4,1,0,1,0,0,18,6
6ddb91b3,Jane,Rollins,1,137.0,124.4,1,0,1,0,0,18,5
c19e1e54,Paul,Walters,2,150.0,120.0,0,1,0,0,0,34,6
7d473199,Aaron,Smith,1,117.0,111.8,0,0,1,0,0,22,5
a4f9a6d8,Lauren,Hines,2,140.0,108.0,0,0,1,0,0,50,5
aed55b39,Martha,King,1,130.0,110.0,0,0,1,0,1,25,6
cf2513f9,Bryce,Dunlap,2,120.0,119.9,0,0,1,0,0,50,5
9b7910ad,Brenda,Bridges,4,133.1,106.0,1,0,1,0,0,48,6
fc019159,Katherine,Bartlett,2,110.0,140.0,0,0,1,0,0,41,5
6fd2819b,David,Frey,2,140.0,117.3,0,0,1,0,0,28,10
ae8dcbda,James,Miller,1,160.0,118.0,0,0,1,0,0,53,15
28b46798,Todd,Contreras,1,120.0,106.8,0,0,1,0,0,49,6
84533218,Kevin,Bradford,1,122.0,114.3,1,0,1,0,0,22,10
77ca9569,Larry,Howe,1,120.0,147.8,0,0,1,0,0,40,5
6d43ee3a,Steven,Maxwell,2,120.0,120.0,0,0,1,0,0,36,12
5cbbcaac,Edwin,Thompson,6,133.1,119.0,0,0,1,0,1,48,6
972db40c,John,Stewart,1,155.0,117.5,0,0,1,0,0,34,6
cf627319,Melissa,Williams,1,136.0,127.0,1,0,1,0,0,19,8
9284c2ea,Shirley,Stokes,2,110.0,127.1,0,0,1,0,0,34,5
5f64dc06,Joseph,Lewis,2,133.1,152.8,1,0,1,0,0,28,7
7c483af9,Joel,Duran,2,100.0,100.0,0,0,1,0,0,35,5
a25934b9,Olivia,Smith,1,138.0,133.0,1,0,1,0,0,18,8
6a19a1d6,Jeffrey,Bell,1,150.0,139.4,0,0,1,0,0,18,5
337e69c6,Robert,Casey,1,118.0,110.0,1,0,1,0,0,20,6
23f04825,Kathleen,Miller,1,137.0,125.1,1,0,1,0,0,18,6
f4534c1f,Natalie,Alexander,1,120.0,112.0,0,0,1,0,0,20,5
4607d0d9,Erin,Peterson,1,148.0,130.0,0,0,1,0,0,24,8
5306b316,Calvin,Mercado,1,127.0,124.6,1,0,1,0,1,19,5
377b6b66,Teresa,Kelley,1,137.0,139.8,1,0,1,0,0,18,6
cbc0fa79,Christina,Ortiz,1,130.0,128.8,1,0,1,0,0,18,7
43b964b2,Nicholas,Lucas,1,146.0,126.0,0,0,1,0,0,19,5
a52f1c5c,Julie,Livingston,1,139.0,112.3,1,0,1,0,0,19,5
e41ffa30,Crystal,Wright,1,130.0,137.4,0,0,1,0,0,19,6
0f8205b7,Tommy,Cole,1,140.0,124.3,1,0,1,0,0,19,7
4a6c7a3c,Blake,Obrien,1,121.0,111.9,1,0,1,1,1,20,6
1caa85e6,Trevor,Sandoval,1,130.0,149.0,1,0,1,1,0,33,5
81c1afce,Kim,Young,1,132.0,143.6,1,0,1,1,0,20,6
7c682e42,Samantha,Palmer,1,130.0,128.0,0,1,0,1,0,27,5
0d0dc287,Bryan,Munoz,2,110.0,110.0,0,0,1,0,0,33,8
5ad5191b,Tammy,Hart,1,128.0,128.4,1,0,1,0,1,20,6
9d3b64c2,Victor,Powell,1,138.0,135.9,1,0,1,0,0,19,6
8deae026,Rebecca,Schwartz,1,127.0,121.1,1,0,1,0,0,18,6
27526a6c,Erica,Johnson,1,143.0,144.1,1,0,1,0,0,19,6
688992fb,Jose,Jordan,1,133.1,115.0,1,0,1,0,0,21,5
03215142,Jennifer,Stewart,1,125.0,118.4,1,0,1,0,1,19,5
941fe63a,Matthew,Smith,1,126.0,116.9,1,0,1,0,0,21,6
d3082efa,Frank,Phelps,1,122.0,119.6,1,0,1,0,0,21,7
d3cee757,Madison,Griffin,1,141.0,135.4,1,0,1,0,0,18,7
f398c561,Jessica,Morales,1,129.0,126.9,1,0,1,0,1,19,6
e6eac1f1,Caitlin,King,1,101.0,102.4,0,0,1,0,0,20,7
057d78f0,Daisy,Peterson,1,125.0,125.7,0,0,1,0,0,20,5
ec982508,Sean,Vega,1,117.0,109.3,1,0,1,0,0,20,5
57e6e520,Jane,Williams,1,125.0,115.6,1,0,1,0,0,18,7
c896b901,Nicholas,Gutierrez,1,130.0,117.8,0,0,1,0,0,18,5
51e1a8c9,Joshua,Sanchez,1,121.0,123.1,1,0,1,1,0,21,6
47d04070,Heidi,Hill,1,135.0,122.8,1,0,1,1,1,20,6
c4c92960,Stephanie,Daugherty,1,131.0,120.2,1,0,1,0,1,19,6
01773047,Shannon,Day,1,140.0,125.7,1,0,1,1,1,19,7
224b2a9a,Mariah,Ramirez,1,130.0,137.0,1,0,1,1,0,28,5
5437c379,John,Johnson,1,122.0,116.4,0,0,1,1,0,21,5
d04516dd,Christian,Rodriguez,1,120.0,128.2,0,1,1,1,0,24,10
b08ef117,Sandra,Dunlap,1,140.0,140.0,1,0,1,1,0,23,6
04601854,Brett,Short,1,127.0,122.8,1,0,1,1,0,20,6
4aff40c2,Rebecca,Davis,1,124.0,118.4,1,0,1,1,0,18,0
6796fc35,Danielle,Lambert,1,148.0,134.7,0,0,1,0,0,23,13
61886f9b,Christine,Dunn,1,150.0,150.0,1,0,1,0,0,23,6
b8c9ac31,Aaron,Williams,2,130.0,142.5,0,0,1,0,0,39,5
7e1ceae3,Daniel,Smith,1,113.0,110.2,1,0,1,0,0,22,5
943a1ce2,Jacob,Patel,4,133.1,130.4,0,0,1,0,0,30,5
d0c689d7,Mark,Brown,2,140.0,110.0,0,0,1,0,1,35,5
43003c89,Tammy,Pruitt,1,120.0,120.0,1,0,1,0,0,26,7
6df6341d,Stephanie,Hahn,2,130.0,132.4,0,0,1,0,0,30,11
eb4aa142,Tina,Moore,2,162.0,132.0,0,1,1,1,0,25,5
1c4896e5,Dorothy,Parker,1,132.0,130.8,1,0,1,0,0,18,8
36f6cdb6,Danielle,Garcia,1,133.1,114.5,0,0,1,0,0,23,7
29c9505e,Christina,Villarreal,1,126.0,126.2,1,0,1,0,1,18,7
d15d7e7f,Dustin,Thompson,1,133.1,106.6,0,1,1,0,0,31,6
4306b17a,Christy,Marsh,1,120.0,118.3,0,0,1,1,0,20,6
95e4ea98,Christina,Stevenson,1,123.0,118.8,0,0,1,1,0,19,10
aa1bd161,Daniel,Rios,5,120.0,116.0,0,1,1,1,1,34,5
93af700d,Robert,Smith,1,110.0,99.0,0,0,1,1,0,21,5
e895095e,Cory,Rogers,1,129.0,132.5,1,0,1,1,0,21,6
8576315a,Erica,Burgess,1,140.0,133.4,0,0,1,1,0,24,6
86b8c09c,Brenda,Vargas,1,138.0,123.0,0,1,0,1,0,20,6
9cd77e1f,Jessica,Allen,1,160.0,153.7,0,0,1,1,0,19,5
ec6d1c30,Brady,Fischer,1,123.0,127.6,1,0,1,1,0,26,6
f87829c5,Daniel,Peters,1,130.0,130.0,0,0,1,1,0,20,5
dae1a963,Sophia,Herrera,1,143.0,135.0,1,0,1,0,0,21,5
2d00f638,Amanda,Hale,1,122.0,113.6,0,0,1,1,0,26,5
88451f87,Adam,Joseph,1,145.0,132.3,1,0,1,0,1,19,8
467dd3a0,Miranda,Jones,2,137.0,124.4,0,0,1,0,0,19,5
bfc4b899,Tammy,Gillespie,1,127.0,122.8,1,0,1,0,0,19,5
85102ca9,Ashley,Wilson,1,109.0,108.3,0,0,1,0,1,21,6
7783f573,Kelly,Sampson,1,129.0,118.9,1,0,1,0,0,19,5
87a8b684,Megan,Miller,1,131.0,126.1,0,0,1,0,0,18,5
3076f0be,Joel,Hamilton,1,126.0,125.7,0,0,1,0,0,20,6
b5013ce2,Shannon,Coleman,2,134.0,113.7,0,0,1,0,0,32,5
b9776975,Jamie,Gomez,1,134.0,121.1,1,0,1,0,0,19,6
bc55e78b,Jamie,Hansen,1,135.0,140.3,1,0,1,0,0,19,6
33f7a7bf,Ryan,Benjamin,1,139.0,133.4,0,0,1,0,0,18,5
2c2e3ccc,Brianna,Gonzalez,1,136.0,125.7,1,0,1,0,0,20,7
faa28687,Edward,Byrd,1,143.0,144.8,0,0,1,0,0,19,6
d5ed0a02,Donald,Williams,1,100.0,101.8,1,0,1,0,0,24,5
40a2fade,Catherine,Gardner,1,120.0,122.5,1,0,1,0,0,29,13
8b0db5d0,Anthony,Herrera,1,133.0,119.0,0,0,1,0,0,19,7
af01f263,Cody,Ruiz,1,120.0,115.1,0,0,1,0,0,19,6
2fdbb8e9,Lori,Erickson,1,130.0,151.6,0,0,1,0,0,24,5
984ab0df,Thomas,Boone,1,133.1,121.4,0,1,1,0,0,28,7
9297ad2e,Bryan,Juarez,4,130.0,103.7,0,0,1,0,0,38,8
01ba131f,Monica,Sanchez,1,160.0,146.0,1,0,1,0,0,19,6
1411946b,Michelle,Andrews,1,124.0,128.6,1,0,1,0,0,20,5
7dc3cd70,Donald,Pollard,1,140.0,124.6,0,0,1,0,0,29,5
0b963335,Christopher,Sanders,1,135.0,124.0,1,0,1,0,1,19,8
b61e35a5,Dominic,Robinson,1,160.0,124.0,0,1,1,1,0,28,8
107b4d76,Julie,Cox,1,160.0,140.0,0,0,1,1,0,27,6
da160275,Renee,Johnson,1,130.0,119.5,1,0,1,1,1,18,5
6404a0dc,Karen,Riddle,1,140.0,140.0,0,0,1,1,0,20,6
53b20483,Brittany,Floyd,1,121.0,121.0,1,0,1,1,0,23,6
8cd6915f,Sean,Thompson,1,117.0,113.2,0,0,1,1,0,21,5
1f7045c3,Leslie,Crawford,2,150.0,146.0,0,0,1,1,0,34,5
1271dad3,Megan,Solis,1,118.0,115.7,0,0,1,1,0,20,7
d1d352b8,David,White,1,120.0,128.2,1,0,1,1,0,24,9
56b30ca9,Jonathan,Middleton,1,100.0,140.0,0,0,1,1,0,39,5
718e3318,Debra,Diaz,1,120.0,122.5,0,0,0,1,0,19,6
3950f984,Sandra,Williams,1,133.1,121.5,0,0,1,1,0,38,5
9bb0e9a1,Joanne,Davis,1,135.0,135.4,1,0,1,1,0,21,7
849cdf41,Samantha,Johnson,1,123.0,122.0,0,1,1,1,0,19,6
d8e9d076,Carla,Howell,1,133.1,119.3,1,0,1,1,0,25,6
f7ff3264,Benjamin,Berger,1,140.0,125.0,1,0,1,1,0,19,6
3c1ff529,Erika,Erickson,2,133.1,100.0,0,0,1,1,0,33,7
33f016ac,Cameron,Warner,1,140.0,125.7,1,0,1,1,0,18,5
ff26bd4d,Joyce,Kennedy,1,120.0,115.5,1,1,0,1,0,19,5
31a0605b,Kendra,Michael,1,124.0,116.7,1,0,1,1,0,19,5
371cbc86,Jason,Dennis,1,132.0,125.5,1,0,1,1,0,18,8
0acf9ed3,Steven,Watson,1,130.0,117.6,0,0,1,1,0,19,5
4131ab64,Elaine,Contreras,1,150.0,150.0,0,0,1,1,0,22,6
d0bf64d8,Carl,Williams,1,135.0,121.7,1,0,1,1,0,18,5
65ae8314,Leslie,Rodriguez,1,144.0,121.6,0,0,1,1,0,22,0
17e453fb,James,Fisher,1,133.1,117.0,0,1,1,1,0,19,0
d7e3e9da,Laura,Shepard,1,130.0,130.0,1,0,1,1,0,19,5
85ef528a,Justin,Jackson,1,133.1,100.0,0,1,1,1,0,24,8
95c78f03,Barbara,Watson,1,148.0,129.8,0,0,0,1,1,18,5
322deaf9,Keith,Osborn,1,135.0,121.0,0,0,1,0,0,20,6
45e78251,Brittany,Turner,1,145.0,131.0,1,0,1,0,1,18,6
064c6253,Debra,Ortiz,1,140.0,136.1,1,1,1,0,0,21,6
61d1f178,Debra,Scott,4,133.1,108.0,0,1,0,0,0,33,7
e110efd0,Tracy,Montoya,1,133.1,144.9,1,0,1,0,0,26,6
4d2ecc60,Jason,Cohen,1,110.0,110.0,0,0,1,0,0,21,6
cf0f55a5,Daniel,Porter,1,140.0,140.0,1,0,1,0,0,20,6
7fccf27e,Phillip,Diaz,1,150.0,150.0,0,0,1,0,0,20,5
36a618b6,Jeremy,Russell,1,133.1,140.0,0,0,1,1,0,43,6
ed697909,Jason,Thompson,5,133.1,119.8,0,0,1,1,0,26,5
6bde4c72,Jacob,Cummings,1,130.0,130.0,1,0,1,1,0,33,5
7eeaaa8f,Maureen,Garcia,1,119.0,125.0,0,0,1,1,0,19,6
07c05a73,Catherine,Harrison,1,131.0,120.2,1,0,1,1,0,18,6
48a69db5,Thomas,Estrada,1,120.0,111.6,0,1,1,1,1,21,5
20fb1abb,Madison,Hale,1,116.0,124.8,1,0,1,1,0,20,5
97782fb2,Kerri,Ferguson,1,120.0,120.0,0,0,1,1,0,19,6
87bd519d,James,Hill,1,130.0,134.0,0,0,1,1,1,24,5
9aa79bf3,Katelyn,Davis,1,133.1,125.0,0,0,1,1,0,21,6
8b935a3a,Joshua,Liu,1,133.1,123.0,0,0,1,1,1,28,5
30d11564,Andrea,Gray,1,120.0,125.0,0,0,1,0,0,28,6
94770f84,Adam,Cervantes,1,130.0,130.0,1,0,1,0,0,20,6
09048569,Crystal,Thompson,1,122.0,112.6,1,0,1,0,0,23,6
b80745eb,Donna,Deleon,1,160.0,160.0,1,0,1,0,0,23,6
951d793f,Michael,Griffin,1,126.0,100.0,0,0,1,0,0,25,7
8402e50f,Joseph,Fowler,1,106.0,106.4,1,0,1,0,1,19,7
f414117f,Amber,Ward,1,150.0,150.0,0,0,1,1,1,20,6
c56b50e8,Antonio,Young,1,130.0,130.0,0,0,1,1,0,19,6
9ad91cd3,Alexander,Torres,1,125.0,123.6,1,0,1,0,1,18,7
4d8c2776,William,Gibson,1,131.0,126.1,1,0,1,0,0,18,7
808b9d58,Tiffany,Williams,1,140.0,120.0,1,0,1,1,0,22,6
afb49cb5,Donna,Edwards,1,142.0,129.8,1,0,1,1,0,18,5
cb7bd6aa,Julie,Martin,1,128.0,135.7,1,0,1,1,0,19,6
611c6cb2,Maria,Williams,1,100.0,108.0,1,0,1,1,0,34,12
4bce89e1,Shelby,Orr,1,125.0,122.9,0,0,1,1,1,19,6
fbcc0146,Ryan,Esparza,1,125.0,118.7,0,0,1,1,0,20,6
ba20ac41,Cristina,Alexander,1,128.0,120.0,1,0,1,0,1,20,6
df572e0b,Julie,Gallegos,1,108.0,107.3,0,0,1,0,1,19,6
2af759dd,Sheri,Hendricks,1,133.1,106.0,1,1,1,0,0,21,7
864697b0,Joseph,Tyler,1,130.0,124.1,1,0,1,0,0,18,6
c599dba5,Christina,Beltran,1,120.0,114.8,1,0,1,0,0,21,7
c7e75e0e,Derek,Woods,1,125.0,122.6,1,0,1,1,0,22,6
8f763eea,Joseph,Martinez,2,120.0,120.0,0,0,1,0,0,33,8
21722cdf,Rebecca,Reeves,1,127.0,123.5,1,0,1,0,1,20,6
ccf64b75,Robert,May,2,140.0,131.8,0,0,1,0,0,35,5
032f121a,Beth,Avery,1,157.0,136.7,1,0,1,0,0,22,6
6c23046b,Michelle,Harris,1,144.0,130.7,1,0,1,0,0,20,6
b28a80e4,Brian,Solis,1,119.0,119.7,1,0,1,0,0,20,5
45f0a2da,Joseph,White,1,125.0,136.2,1,1,1,1,0,21,12
eb59b696,James,Wiley,1,127.0,124.2,1,0,1,1,0,23,5
fa1e8c34,Olivia,Wiley,1,140.0,135.4,1,0,1,0,0,24,6
fa2e4086,Alexandra,Franklin,1,126.0,115.2,0,1,1,0,0,19,5
2ba332ff,Lisa,Kaufman,1,123.0,125.1,0,0,1,0,0,19,6
3576a0e1,Patrick,Clark,1,121.0,125.9,1,0,1,0,0,22,6
774e7779,Carlos,Harris,2,120.0,124.6,0,0,1,0,0,36,5
3fb4e800,Tammy,Lowery,1,103.0,108.3,0,0,1,0,1,20,7
73b1984a,Mary,Blanchard,4,133.1,133.0,0,0,1,0,0,40,6
0f6fecf0,Angela,Fisher,1,126.0,117.3,1,0,1,0,0,19,5
4bef167c,Julia,Brown,1,114.0,114.0,0,0,1,0,0,20,7
00fa2c4f,Dustin,Flynn,4,140.0,139.0,0,0,1,0,1,38,5
d506fbf5,Dustin,Cummings,1,133.1,128.2,1,0,1,1,1,19,12
1886d05e,Alison,Gardner,1,130.0,122.0,1,0,1,0,1,21,6
32a907bf,Curtis,Cuevas,1,145.0,136.3,1,0,1,0,0,18,8
8ab59d44,John,Ruiz,1,150.0,140.8,0,0,1,0,0,19,6
1ff90576,Carla,Durham,1,140.0,140.0,0,0,1,0,0,22,6
32fd140f,Jacqueline,Avila,1,146.0,135.5,1,1,1,0,0,22,17
c2dca24b,Jacob,Lozano,1,120.0,118.3,0,0,1,0,0,20,6
8a6ee7ac,Michael,Benson,2,133.1,130.0,0,0,1,0,0,31,6
193d90a6,Anthony,Meyer,1,143.0,131.8,1,0,1,0,1,18,6
c9fb46c5,Sara,Griffith,1,131.0,130.7,0,1,1,0,0,21,5
2591282b,Debra,Carter,1,115.0,109.8,1,0,1,0,0,19,6
488330da,Gina,Patterson,1,130.0,120.0,1,0,1,0,1,25,8
50748feb,Amanda,Andrews,2,140.0,107.8,0,0,1,0,0,33,10
a4975de3,John,Stephenson,1,149.0,140.2,1,0,1,0,0,20,7
0e17b8db,Ashley,Ruiz,1,125.0,124.0,1,0,1,0,0,19,5
529ba7c5,Amanda,Casey,1,128.0,129.8,1,0,1,0,0,20,6
874b9824,Riley,Roberts,1,145.0,138.4,1,0,0,0,0,18,6
854320b2,Vincent,Jimenez,1,147.0,133.7,1,0,1,0,1,19,5
4db8f75c,Kelsey,Walsh,1,121.0,115.4,1,0,1,0,1,24,8
6a991ab4,Erika,Shaw,1,134.0,129.1,0,0,1,0,0,19,5
21e1e74b,John,Woods,1,140.0,140.0,1,0,1,0,0,21,12
cf352e82,Troy,Castro,1,118.0,114.2,0,0,1,0,0,18,6
b9723718,Sarah,Martin,1,130.0,113.3,0,0,1,0,0,24,7
4e6bcd92,Donna,Davis,1,128.0,123.5,1,0,1,0,0,22,7
e90a1c7e,Michael,Chambers,4,140.0,154.6,0,0,0,0,1,44,6
3d13c4d5,Stephanie,Diaz,1,117.0,120.2,1,0,1,0,0,20,5
5b8766e9,Jonathan,Howard,1,135.0,143.8,1,1,1,0,0,19,0
690866f2,Becky,Coleman,1,131.0,118.0,1,0,1,0,1,18,8
2652f44c,Susan,White,1,118.0,110.3,1,0,0,0,0,18,6
35a19aff,David,Medina,1,133.1,145.0,0,0,1,0,1,21,5
9e3fd6d8,Angela,Casey,1,110.0,110.0,1,0,1,0,0,20,6
1343e2e6,Stephanie,Gonzalez,1,135.0,121.7,1,0,1,0,1,18,6
40cf115e,Nicholas,Hill,1,131.0,123.7,1,0,1,0,0,18,5
04392659,Jennifer,Ramirez,1,133.1,148.2,1,1,1,0,0,27,6
a098f837,Robert,Barton,1,127.0,121.8,1,1,1,0,0,18,6
52d6c76f,Denise,Mendoza,1,131.0,118.4,1,0,1,0,0,20,5
cc99aea0,Melissa,Levine,1,138.0,123.3,1,0,1,0,0,19,5
094bc5b7,James,Jones,1,140.0,140.0,1,0,1,0,0,20,6
49fd3a54,Eric,Zamora,1,150.0,132.5,1,0,1,0,0,22,6
702a70a5,Bradley,Castillo,1,119.0,118.3,1,0,1,0,0,22,6
b9167cc4,Cheyenne,Taylor,1,125.0,143.9,1,0,1,0,0,20,0
d6e951d4,Kim,Wilkerson,1,135.0,135.0,0,0,1,0,0,18,6
67465ed6,Monica,Miller,2,133.1,134.5,0,0,1,0,0,45,6
6028d5fc,Jose,Gomez,1,140.0,130.0,0,1,1,0,0,25,5
530133e8,Dawn,Jones,1,113.0,107.4,1,0,1,1,0,20,5
1fbc8c95,Abigail,Hayes,1,133.1,100.0,1,0,1,1,0,22,6
f9b142e0,Elizabeth,Cook,1,127.0,121.5,1,0,1,1,0,20,7
044edbb6,Karl,Brown,1,132.0,136.6,1,0,1,0,0,18,6
a2253931,Matthew,Morgan,1,115.0,117.1,0,0,1,0,0,21,5
17944ece,Thomas,Nelson,1,140.0,140.0,0,0,1,1,0,21,0
ac650a7f,Patricia,Gutierrez,1,142.0,141.0,1,0,1,1,0,18,6
c256e500,Robert,Taylor,1,123.0,118.9,0,0,1,1,0,18,5
a7dd83a9,Mark,Burns,1,131.0,134.5,1,0,1,1,0,25,6
a8aa3a84,Joseph,Hart,1,141.0,133.0,1,0,1,1,0,18,5
02ee0682,Jennifer,Rodriguez,1,133.1,105.0,1,0,1,1,0,21,6
9e9f75c0,Jill,Lynch,1,130.0,110.0,0,0,1,1,1,24,7
abd8a856,Norma,Ramos,1,134.0,134.7,0,0,1,1,0,22,5
8cfb5b1b,Jennifer,Huffman,1,130.0,120.0,1,0,1,1,0,28,13
636522bd,Julia,Quinn,1,135.0,123.5,1,0,1,1,0,18,5
a6eb365c,Destiny,Martinez,1,135.0,135.0,0,1,1,1,0,21,5
789f779f,Christine,Moses,4,147.0,147.9,0,0,1,0,0,28,5
858dd677,Paige,Sullivan,1,123.0,118.8,1,0,1,0,0,21,5
e28dc6d9,Albert,Sanchez,1,129.0,117.1,1,0,1,0,0,20,6
67f73a56,Willie,Ortega,1,131.0,127.2,0,0,1,0,1,18,5
6636263b,Tracy,Fleming,1,140.0,128.5,1,0,1,0,0,18,7
b2003240,Carol,Conley,4,150.0,146.2,0,0,1,0,0,30,5
aaa6404a,Heather,Kidd,1,132.0,123.6,1,0,1,0,0,18,6
4bef3bc9,Melissa,Olson,1,136.0,120.0,1,0,1,1,0,18,7
25cfe815,Amanda,Hubbard,1,124.0,121.2,0,0,1,0,0,19,6
4ea4a283,Kimberly,Browning,1,145.0,121.4,0,0,1,0,0,20,6
4bba9244,Victor,Fisher,2,130.0,130.0,0,0,1,0,0,32,7
b370c1f5,Cody,Mckenzie,1,151.0,138.4,0,0,1,0,0,18,5
4d9fcd3f,Jason,Franklin,1,116.0,110.4,1,0,1,0,0,21,6
a8cb3900,Kathryn,Park,1,168.0,126.8,1,0,1,1,0,18,6
f45441ab,Miranda,Mason,1,145.0,127.5,1,0,1,1,0,20,6
4940aa1e,Sara,Chan,1,125.0,133.4,1,0,1,1,1,19,6
af4900dc,Joshua,Randall,1,143.0,121.2,1,0,1,1,0,25,10
